update,env_steps,mean_reward,episode_done_rate,policy_loss,value_loss,entropy,approx_kl,clip_frac,explained_variance,log_std
1,32768,-3.2162740230560303,0.00390625,0.00027139303711010143,1207.3719506263733,1.8372342698276043,0.0025772338740353007,0.01786041259765625,0.0009235739707946777,-0.5003188848495483
2,65536,-3.134666681289673,0.00390625,-0.0010260880953865126,1223.7892398834229,1.8382790563628078,0.0029563200387201505,0.02263641357421875,0.04376453161239624,-0.4990982413291931
3,98304,-3.0025439262390137,0.003936767578125,0.00023048168441164307,1113.9882740974426,1.8403049306944013,0.002863627478291164,0.02120208740234375,0.042528390884399414,-0.49872374534606934
4,131072,-2.906566619873047,0.0078125,-0.0004998013318981975,945.724054813385,1.8425454087555408,0.002631847655720776,0.01717376708984375,0.06340694427490234,-0.4965108036994934
5,163840,-2.8682565689086914,0.00390625,-0.0005346377693058457,978.2005939483643,1.846456735394895,0.0028186791455482307,0.02056884765625,0.08075052499771118,-0.4946836829185486
6,196608,-2.777383327484131,0.00390625,8.309908662340604e-05,905.3605618476868,1.8492642100900412,0.0022960427650104975,0.0117034912109375,0.13986170291900635,-0.4944928288459778
7,229376,-2.672109842300415,0.003997802734375,1.5717967471573502e-05,831.6995577812195,1.8498742282390594,0.0025073402903217357,0.01763153076171875,0.09513670206069946,-0.49332576990127563
8,262144,-2.74772572517395,0.007720947265625,-7.462504618160892e-05,825.8480353355408,1.8501889519393444,0.0024161274400285038,0.01848602294921875,0.15029358863830566,-0.49415886402130127
9,294912,-2.6645896434783936,0.00390625,-0.0004891928711003857,781.3924059867859,1.8520344384014606,0.002558083360781893,0.01796722412109375,0.16879230737686157,-0.49145573377609253
10,327680,-2.521085739135742,0.00396728515625,0.0003555183247954119,694.7123117446899,1.8538393387570977,0.0020938580546498997,0.01213836669921875,0.2691243290901184,-0.492783784866333
11,360448,-2.502865791320801,0.00775146484375,-0.00043884713159059174,627.4840245246887,1.8542258739471436,0.003094443928603141,0.026824951171875,0.24033737182617188,-0.4906083047389984
12,393216,-2.5997812747955322,0.003997802734375,-1.5618719771737233e-05,695.6009783744812,1.8590079555287957,0.0018604101092023484,0.01096343994140625,0.2642940282821655,-0.48771512508392334
13,425984,-2.5265445709228516,0.003936767578125,-0.00014025398013473023,666.4573745727539,1.8667338360100985,0.002304454090335639,0.015960693359375,0.3891090750694275,-0.4836103916168213
14,458752,-2.4155960083007812,0.003997802734375,0.0007500935407733778,613.4527888298035,1.8728662077337503,0.0023410736703226576,0.01648712158203125,0.41521555185317993,-0.4814285933971405
15,491520,-2.508683204650879,0.007659912109375,0.0005470659889397211,611.4976668357849,1.8764663049951196,0.0024896642385101586,0.01721954345703125,0.3774125576019287,-0.4798002541065216
16,524288,-2.4533119201660156,0.003997802734375,-0.0006537550671055214,593.1842188835144,1.882565751671791,0.0028937089427927276,0.0213165283203125,0.4825403690338135,-0.47585368156433105
17,557056,-2.349663734436035,0.003997802734375,0.00044198735486133955,541.7522597312927,1.888250763528049,0.0031031964344947482,0.025054931640625,0.5194977521896362,-0.47463127970695496
18,589824,-2.249434471130371,0.0076904296875,0.0003408324446354527,483.8490526676178,1.890246083959937,0.002704994662963145,0.0214080810546875,0.5277146100997925,-0.4727494716644287
19,622592,-2.4090700149536133,0.00390625,-0.0005367152807593811,547.1060304641724,1.8947845986112952,0.002751278828782233,0.021697998046875,0.6214762926101685,-0.47084149718284607
20,655360,-2.259702444076538,0.004119873046875,0.0005938665854046121,474.5481901168823,1.8973344955593348,0.003364938994309341,0.03241729736328125,0.6692695617675781,-0.4693130850791931
21,688128,-2.1805763244628906,0.004150390625,-0.0007072899734339444,459.7516405582428,1.9019466368481517,0.0035180464356017183,0.03087615966796875,0.693204402923584,-0.4673313498497009
22,720896,-2.238754987716675,0.007598876953125,0.00016727624642953742,455.0166652202606,1.9048655228689313,0.0027180150427739136,0.02166748046875,0.6637105941772461,-0.46563971042633057
23,753664,-2.2397687435150146,0.004058837890625,0.0009057500719791278,445.0305688381195,1.9092529322952032,0.0031892600700302864,0.027801513671875,0.742628812789917,-0.4628199636936188
24,786432,-2.129732370376587,0.004180908203125,0.00021669744091923349,405.2404742240906,1.9143068948760629,0.0028656984186454793,0.02294158935546875,0.7651983499526978,-0.46144258975982666
25,819200,-2.0668933391571045,0.007598876953125,-4.471476950129727e-05,421.9979884624481,1.916629864834249,0.0029646249176948913,0.02437591552734375,0.7344779968261719,-0.45952367782592773
26,851968,-2.254089117050171,0.004241943359375,-0.0003970594871134381,434.0424737930298,1.9194406354799867,0.0031353577242043684,0.02471160888671875,0.7812927961349487,-0.459230899810791
27,884736,-2.0785319805145264,0.004119873046875,1.1956137313973159e-05,374.1013722419739,1.9202447086572647,0.0031028418670757674,0.0264739990234375,0.8067759275436401,-0.45903855562210083
28,917504,-1.9293626546859741,0.00439453125,0.00010385875793872401,325.2682032585144,1.919321272522211,0.003786880080042465,0.03832244873046875,0.8323622941970825,-0.45934557914733887
29,950272,-1.9502296447753906,0.0074462890625,-0.00038691165718773846,327.41257214546204,1.91913125757128,0.004037110545141331,0.04242706298828125,0.8183850049972534,-0.45932334661483765
30,983040,-1.9576470851898193,0.004241943359375,-0.0008669343224028125,297.47757363319397,1.9194025499746203,0.0038122057640066487,0.03662872314453125,0.8609287142753601,-0.4585624933242798
31,1015808,-1.8113820552825928,0.0042724609375,0.0005357991212804336,252.6366319656372,1.923165368847549,0.0038244170859798032,0.0393524169921875,0.8766144514083862,-0.4563711881637573
32,1048576,-1.7589998245239258,0.00445556640625,0.0002010061525652418,252.73600852489471,1.9270010683685541,0.004420811965701432,0.0495147705078125,0.8829175233840942,-0.45438069105148315
33,1081344,-1.9785256385803223,0.007354736328125,0.00037450474155775737,332.050080537796,1.9292528219521046,0.005323592024979007,0.061981201171875,0.848249077796936,-0.4537059962749481
34,1114112,-1.8497390747070312,0.004180908203125,-0.00019087064447376179,242.42520904541016,1.9335726639255881,0.004311138403409132,0.04767608642578125,0.8875553011894226,-0.4508897066116333
35,1146880,-1.7359888553619385,0.00433349609375,-0.0003220457219867967,227.14075803756714,1.938540380448103,0.003305311172425718,0.029876708984375,0.8980269432067871,-0.448951780796051
36,1179648,-1.7735792398452759,0.0074462890625,0.0004054970504512312,265.1403560638428,1.9409844502806664,0.003067667299092136,0.02756500244140625,0.8708456754684448,-0.4482238292694092
37,1212416,-1.837374210357666,0.004241943359375,0.0005394468353188131,233.8530237674713,1.9422422358766198,0.003461573016920738,0.03496551513671875,0.9014572501182556,-0.4473409354686737
38,1245184,-1.6902403831481934,0.004364013671875,0.0003644328680820763,198.5091404914856,1.9436747170984745,0.004117183961170667,0.04265594482421875,0.9094913005828857,-0.447132408618927
39,1277952,-1.6429040431976318,0.00439453125,0.00015145630277402233,202.0439612865448,1.9425576217472553,0.004455635511021683,0.0478515625,0.9141084551811218,-0.44819173216819763
40,1310720,-1.7924937009811401,0.00714111328125,-0.00035166426187061006,260.30128955841064,1.9426148822531104,0.0029967052973915997,0.02527618408203125,0.8914690613746643,-0.44691330194473267
41,1343488,-1.7269302606582642,0.00433349609375,-0.00017061027756426483,192.69234883785248,1.9425308080390096,0.00381264990710406,0.0376434326171875,0.9189786911010742,-0.44856712222099304
42,1376256,-1.6219202280044556,0.0045166015625,-0.00010336086415918544,185.4490065574646,1.9402560228481889,0.0034112534635823977,0.032867431640625,0.9218349456787109,-0.4493458867073059
43,1409024,-1.633427381515503,0.007293701171875,0.0015991806249076035,231.91289341449738,1.9388395119458437,0.004321165176861541,0.048492431640625,0.8968620896339417,-0.44952988624572754
44,1441792,-1.7678380012512207,0.004302978515625,0.0002984730999742169,210.45546090602875,1.9396619126200676,0.00342047134108725,0.033905029296875,0.9153980612754822,-0.4487464427947998
45,1474560,-1.6266013383865356,0.004669189453125,0.0019128406029267353,182.57528698444366,1.9413989186286926,0.006266009851060517,0.07784271240234375,0.9198482632637024,-0.4477023482322693
46,1507328,-1.571568489074707,0.004547119140625,0.000720234651453211,182.43829834461212,1.9430061429738998,0.003774178520870919,0.03876495361328125,0.9230425953865051,-0.44706571102142334
47,1540096,-1.7124500274658203,0.007293701171875,0.0006720170695189154,255.48035430908203,1.9430324332788587,0.0037053217879474687,0.0380706787109375,0.8917546272277832,-0.4479305148124695
48,1572864,-1.6709544658660889,0.004547119140625,0.0006518115260405466,188.18690991401672,1.9426899114623666,0.003677314149626909,0.03973388671875,0.926348090171814,-0.44739657640457153
49,1605632,-1.597989559173584,0.00457763671875,0.0015170248043432366,187.96184480190277,1.9426862057298422,0.0050813411244234885,0.060394287109375,0.9247692823410034,-0.4479847550392151
50,1638400,-1.560724139213562,0.00732421875,0.0006706918102281634,231.65011596679688,1.9415655797347426,0.003349760536366375,0.032318115234375,0.8991067409515381,-0.44827747344970703
51,1671168,-1.7976876497268677,0.00439453125,0.0003786564820984495,199.89567852020264,1.9400196690112352,0.00285611089611848,0.0230255126953125,0.9270704388618469,-0.44939637184143066
52,1703936,-1.6246354579925537,0.004302978515625,-0.0005092231585877016,165.1039381623268,1.940046383999288,0.003029102649179549,0.025482177734375,0.9346299767494202,-0.44831621646881104
53,1736704,-1.5657206773757935,0.00457763671875,0.0006469991167250555,175.01174008846283,1.940450444817543,0.003841545041268546,0.04146575927734375,0.9313172101974487,-0.4494774341583252
54,1769472,-1.6841480731964111,0.007415771484375,0.0007519019036408281,234.8678092956543,1.9378943992778659,0.003061584666284034,0.02845001220703125,0.903473436832428,-0.45039814710617065
55,1802240,-1.6808065176010132,0.004364013671875,0.0015136275687837042,175.9939684867859,1.9365140134468675,0.00391555834448809,0.03839874267578125,0.9351281523704529,-0.450969398021698
56,1835008,-1.5672459602355957,0.004608154296875,0.0012497982752393,167.3082801103592,1.9356166226789355,0.00453813810736392,0.05059051513671875,0.936373233795166,-0.4509451985359192
57,1867776,-1.575636625289917,0.00469970703125,-0.00015493694627366494,180.81066024303436,1.9353460976853967,0.004546618447420769,0.052490234375,0.9323379993438721,-0.45217832922935486
58,1900544,-1.7431358098983765,0.0074462890625,0.0016510071909578983,244.2032207250595,1.9321925165131688,0.004718100190075347,0.05669403076171875,0.909737229347229,-0.45371711254119873
59,1933312,-1.6225454807281494,0.00482177734375,0.0016976329970930237,165.2122436761856,1.9300983101129532,0.004918638058370561,0.05928802490234375,0.936007022857666,-0.4539879560470581
60,1966080,-1.5511393547058105,0.004669189453125,0.00040103648825606797,164.11513936519623,1.929080038331449,0.004275240396054869,0.04848480224609375,0.9353631734848022,-0.4547922611236572
61,1998848,-1.6250452995300293,0.007354736328125,0.0009713448853290174,218.2520591020584,1.927791515365243,0.00423487440957615,0.048858642578125,0.9105527997016907,-0.4553035497665405
62,2031616,-1.6765354871749878,0.004669189453125,0.0013177453711250564,161.2389279603958,1.9270296227186918,0.004082108357124525,0.04444122314453125,0.9396860599517822,-0.4553905129432678
63,2064384,-1.5980916023254395,0.0050048828125,0.001823677434003912,161.74650943279266,1.9267291957512498,0.005013305734792084,0.05937957763671875,0.9377132654190063,-0.4556269645690918
64,2097152,-1.5581531524658203,0.004638671875,0.0034636230793694267,173.74318540096283,1.9281297447159886,0.00808184462493955,0.0971832275390625,0.9370729327201843,-0.4542233347892761
65,2129920,-1.7182410955429077,0.00762939453125,0.0007876414365455275,260.9577695131302,1.9296612087637186,0.0036969970346945047,0.0412750244140625,0.9069913625717163,-0.453947514295578
66,2162688,-1.646423101425171,0.004638671875,7.129068762878887e-06,175.74810302257538,1.929189808666706,0.003436595744005899,0.03455352783203125,0.9389309287071228,-0.45504552125930786
67,2195456,-1.5811262130737305,0.005035400390625,0.00022563016682397574,174.38944935798645,1.9277795990929008,0.0036598307065105473,0.03760528564453125,0.9390183091163635,-0.4550876021385193
68,2228224,-1.5975301265716553,0.00762939453125,0.0008650375184515724,236.45425522327423,1.9277623249217868,0.004931028779083135,0.0580291748046875,0.9108847379684448,-0.45478561520576477
69,2260992,-1.713678002357483,0.004730224609375,0.0012023635172226932,177.22019636631012,1.928291485644877,0.0039807233065403125,0.0444793701171875,0.9428743124008179,-0.45504963397979736
70,2293760,-1.6199722290039062,0.0047607421875,0.00043068474406027235,173.959530711174,1.9270291673019528,0.003710183450493787,0.04105377197265625,0.9417873620986938,-0.45571771264076233
71,2326528,-1.5675698518753052,0.00482177734375,0.004113531933398917,159.26401436328888,1.926320438273251,0.009638452054787194,0.11942291259765625,0.9437162280082703,-0.4553590416908264
72,2359296,-1.691349983215332,0.0076904296875,0.0007146087991714012,238.25377583503723,1.926975965499878,0.004184116559372342,0.0469207763671875,0.9169262647628784,-0.45569080114364624
73,2392064,-1.6750760078430176,0.0047607421875,-0.0003513289484544657,157.67389249801636,1.9260333636775613,0.002762760721907398,0.0253753662109375,0.9439939260482788,-0.4559903144836426
74,2424832,-1.574134111404419,0.005035400390625,0.0032668605854269117,162.30001789331436,1.9271261729300022,0.007876818987369916,0.100372314453125,0.9414151906967163,-0.4547560214996338
75,2457600,-1.5854371786117554,0.00775146484375,0.0009208512556142523,226.71691393852234,1.928868230432272,0.004144153828292474,0.0467376708984375,0.9137560129165649,-0.45436930656433105
76,2490368,-1.7426637411117554,0.00457763671875,0.0015391340766655048,170.01290655136108,1.9298800267279148,0.0047658815356044215,0.05593109130859375,0.9452387094497681,-0.45341068506240845
77,2523136,-1.6136013269424438,0.004730224609375,0.0014206225987436483,153.60600996017456,1.930093428120017,0.00489738149144614,0.0577239990234375,0.9455539584159851,-0.4541275203227997
78,2555904,-1.571114182472229,0.004913330078125,0.0008637937462481204,157.64930099248886,1.9299153685569763,0.0045579787506540015,0.05240631103515625,0.9438158273696899,-0.4538238048553467
79,2588672,-1.671999454498291,0.007476806640625,0.0006203866669238778,234.0277749300003,1.9297217968851328,0.004353957569946942,0.05100250244140625,0.91947340965271,-0.45411422848701477
80,2621440,-1.6882305145263672,0.004974365234375,0.0009641882588766748,167.84845542907715,1.931140753440559,0.004253971000252932,0.04924774169921875,0.9466074109077454,-0.4531310200691223
81,2654208,-1.5824518203735352,0.00482177734375,0.0006998521475907182,176.816264629364,1.93056935723871,0.005054822700458317,0.061737060546875,0.9413415789604187,-0.45415979623794556
82,2686976,-1.5937107801437378,0.00482177734375,0.002357801698963158,188.49548172950745,1.9282134119421244,0.006313585029602109,0.07836151123046875,0.9406139850616455,-0.45536601543426514
83,2719744,-1.7214641571044922,0.007293701171875,0.0003916804835171206,280.7768154144287,1.9268262945115566,0.0036150237729088985,0.0369415283203125,0.9158312678337097,-0.45576006174087524
84,2752512,-1.6080546379089355,0.00457763671875,0.0003729221180037712,182.39624482393265,1.9250709926709533,0.005172985982426326,0.06133270263671875,0.942440927028656,-0.45706233382225037
85,2785280,-1.5675009489059448,0.0048828125,0.001041278277625679,170.8147313594818,1.9225198356434703,0.0053551931637230155,0.0661468505859375,0.9443502426147461,-0.4580906629562378
86,2818048,-1.6007007360458374,0.007110595703125,0.002119447093718918,219.10696125030518,1.9228143701329827,0.0059227688807368395,0.0708160400390625,0.9266394972801208,-0.4568668603897095
87,2850816,-1.6520681381225586,0.0045166015625,0.001979742815819918,145.35561400651932,1.925569735467434,0.007011132349362015,0.0858306884765625,0.9529905915260315,-0.45544660091400146
88,2883584,-1.5611023902893066,0.00482177734375,0.0012651584347622702,152.4437724351883,1.9247673489153385,0.005151621884579072,0.06243896484375,0.9471331834793091,-0.45771563053131104
89,2916352,-1.5420986413955688,0.004852294921875,0.0031972380238585174,161.38099896907806,1.9235780546441674,0.007663598359158641,0.09694671630859375,0.947022020816803,-0.4563237428665161
90,2949120,-1.6409460306167603,0.007293701171875,0.000789166191680124,239.3474245071411,1.9249290497973561,0.004601998055477452,0.0562286376953125,0.9283849596977234,-0.4567617177963257
91,2981888,-1.603491187095642,0.004638671875,-0.00012901549052912742,154.95954102277756,1.9234350277110934,0.004113621694159519,0.04570770263671875,0.9532459378242493,-0.45788174867630005
92,3014656,-1.5116679668426514,0.0050048828125,0.003303979021438863,153.2885720729828,1.9225062085315585,0.009934897607308812,0.11830902099609375,0.9519821405410767,-0.45742130279541016
93,3047424,-1.5217514038085938,0.007232666015625,0.0006482336902990937,220.22728669643402,1.9243704723194242,0.004033008274745953,0.0445098876953125,0.927679181098938,-0.4561576843261719
94,3080192,-1.6167019605636597,0.004638671875,0.0010584433075564448,147.8881174325943,1.9252103976905346,0.005242540352810465,0.064239501953125,0.958260715007782,-0.4563868045806885
95,3112960,-1.5144801139831543,0.0047607421875,0.0007700180722167715,136.25682026147842,1.9244620380923152,0.004943082023601164,0.0611114501953125,0.9576109647750854,-0.456868439912796
96,3145728,-1.4645564556121826,0.00482177734375,0.0020593647877831245,140.1946604847908,1.9254292575642467,0.008236539746576454,0.10192108154296875,0.9566742181777954,-0.4561712145805359
97,3178496,-1.574184536933899,0.007080078125,0.001292969167479896,221.3202097415924,1.9246913334354758,0.004476295464428404,0.0533294677734375,0.9326335787773132,-0.4571436941623688
98,3211264,-1.546213984489441,0.0047607421875,0.0009582376151229255,128.69656652212143,1.9241256574168801,0.004081660556494171,0.0462799072265625,0.9615259766578674,-0.4563558101654053
99,3244032,-1.460917592048645,0.00494384765625,0.0016602177474851487,130.45362627506256,1.9254899360239506,0.008464790903872199,0.10626220703125,0.9589593410491943,-0.4559147357940674
100,3276800,-1.4237995147705078,0.00714111328125,0.003861311242872034,191.95430529117584,1.9247156828641891,0.007998536684226565,0.10471343994140625,0.9357955455780029,-0.457123339176178
101,3309568,-1.6063275337219238,0.00469970703125,0.00247631501952128,141.27245235443115,1.9229395994916558,0.006631892047153087,0.0689697265625,0.9610514640808105,-0.45761996507644653
102,3342336,-1.5107392072677612,0.004791259765625,0.0011402326581446687,126.24314051866531,1.921378848142922,0.0052835207598036504,0.06493377685546875,0.9594715237617493,-0.4587475657463074
103,3375104,-1.4371017217636108,0.004852294921875,0.0025229155344277387,125.78598093986511,1.9199537811800838,0.00794160113309772,0.10205078125,0.9600483179092407,-0.4587712585926056
104,3407872,-1.5372161865234375,0.0072021484375,0.0021409154833236244,199.48306953907013,1.9199292240664363,0.0057953265650212415,0.07309722900390625,0.9383909106254578,-0.4591957926750183
105,3440640,-1.5490610599517822,0.004852294921875,2.5888461095746607e-05,124.04952478408813,1.9181879414245486,0.004237213482610969,0.047943115234375,0.9608821272850037,-0.46056920289993286
106,3473408,-1.4525346755981445,0.00482177734375,0.00258499617484631,118.60971289873123,1.915328393690288,0.008111651701710798,0.10358428955078125,0.9600895643234253,-0.46202123165130615
107,3506176,-1.4172097444534302,0.00494384765625,-3.787481000472326e-05,131.06658101081848,1.912651159800589,0.005012278149024496,0.06034088134765625,0.9576060175895691,-0.4628674387931824
108,3538944,-1.5679447650909424,0.006988525390625,0.0015745754280942492,185.45064961910248,1.911382152698934,0.005326504608547111,0.0660247802734375,0.9462038278579712,-0.4639970660209656
109,3571712,-1.4771441221237183,0.005035400390625,0.004087548590177903,114.2405099272728,1.9072824642062187,0.010124998901119397,0.126190185546875,0.9630472660064697,-0.4664149880409241
110,3604480,-1.426035761833191,0.005157470703125,0.002616835643493687,119.52921169996262,1.9037276841700077,0.009368090299176401,0.11183929443359375,0.9606286883354187,-0.4676743745803833
111,3637248,-1.483390212059021,0.00762939453125,0.00045717258399236016,168.1581506729126,1.9022305132821202,0.0041996273557742825,0.0488739013671875,0.9449265003204346,-0.4680079221725464
112,3670016,-1.5555446147918701,0.005279541015625,0.0030925556529837195,115.79713696241379,1.9009630251675844,0.008663391326990677,0.0978851318359375,0.9629623293876648,-0.46952664852142334
113,3702784,-1.4196035861968994,0.0052490234375,0.0025777685586945154,103.62047725915909,1.8959067407995462,0.009775085856745136,0.11931610107421875,0.9634346961975098,-0.4727204442024231
114,3735552,-1.399034023284912,0.005401611328125,0.0059543573206610745,110.7575330734253,1.8911261586472392,0.01181029227154795,0.1298675537109375,0.9609871506690979,-0.4740877151489258
115,3768320,-1.5138354301452637,0.00750732421875,0.0005632371685351245,171.15378654003143,1.88996959105134,0.006244749958568718,0.0796966552734375,0.9459724426269531,-0.47398483753204346
116,3801088,-1.4681739807128906,0.00518798828125,0.0016502402195328614,105.50880128145218,1.8872997993603349,0.007140865354358539,0.0895843505859375,0.9635031819343567,-0.47654879093170166
117,3833856,-1.3645570278167725,0.005279541015625,0.0013931342527939705,100.17236107587814,1.8853661650791764,0.007354450952789193,0.0944671630859375,0.9632722735404968,-0.4754329025745392
118,3866624,-1.371100664138794,0.00750732421875,0.002144087637134362,155.18806499242783,1.886743268929422,0.010908213621405594,0.12908172607421875,0.9413062334060669,-0.4762036204338074
119,3899392,-1.502642035484314,0.0052490234375,0.0017295992347499123,97.70379394292831,1.883427744731307,0.006087104451125924,0.07483673095703125,0.9670674800872803,-0.47817760705947876
120,3932160,-1.344422698020935,0.005218505859375,0.0020713519215860288,98.85895210504532,1.8812362989410758,0.008919997980683547,0.11357879638671875,0.9628219604492188,-0.4785887598991394
121,3964928,-1.3016598224639893,0.0052490234375,0.0025799927570915315,95.7652850151062,1.8824328109622002,0.009114653131291561,0.11754608154296875,0.965095043182373,-0.4767230749130249
122,3997696,-1.3884037733078003,0.007171630859375,0.0030562113170162775,152.7201417684555,1.8812313191592693,0.009558179359373753,0.12158966064453125,0.9499934315681458,-0.4799806475639343
123,4030464,-1.375026822090149,0.005218505859375,0.0008829312901070807,90.09725958108902,1.878171918913722,0.006701138034259202,0.083740234375,0.9686657190322876,-0.4791969358921051
124,4063232,-1.2694357633590698,0.00555419921875,0.002517779776098905,86.39473930001259,1.8804556112736464,0.011115808396425564,0.12471771240234375,0.9677422642707825,-0.4781605899333954
125,4096000,-1.2345302104949951,0.007354736328125,0.003514444246320636,120.95470070838928,1.8805019976571202,0.011704853421178996,0.1282806396484375,0.9537316560745239,-0.4792191684246063
126,4128768,-1.4190011024475098,0.005645751953125,0.0011734657782653812,81.64452594518661,1.8787558684125543,0.005414288841166126,0.0679779052734375,0.9740487337112427,-0.47986847162246704
127,4161536,-1.2621791362762451,0.005645751953125,0.0062365276462514885,72.26248076558113,1.875479127280414,0.016343685062111035,0.18157196044921875,0.9729525446891785,-0.4823881983757019
128,4194304,-1.2483434677124023,0.005096435546875,0.0008555760414310498,85.48189455270767,1.8721419116482139,0.007848671871670376,0.09728240966796875,0.9706611633300781,-0.48325395584106445
129,4227072,-1.355850338935852,0.0068359375,0.0011440458401921205,143.6462555527687,1.8712338097393513,0.004969402877577522,0.0592041015625,0.9526591897010803,-0.4831477403640747
130,4259840,-1.3539388179779053,0.00537109375,0.0052805400264333,85.1986674964428,1.870922234840691,0.01588115225877118,0.17420196533203125,0.9709512591362,-0.48362410068511963
131,4292608,-1.267447829246521,0.005126953125,0.0006272896498558111,86.12250742316246,1.8703069230541587,0.006659918430614198,0.08245849609375,0.9700458645820618,-0.484011709690094
132,4325376,-1.2327561378479004,0.005340576171875,0.0023760065632814076,84.04747560620308,1.8683418743312359,0.00837537273309863,0.10951995849609375,0.9707285761833191,-0.4860309660434723
133,4358144,-1.3645542860031128,0.00689697265625,9.644041347200982e-05,128.99772322177887,1.8640719279646873,0.004248431841006095,0.04962921142578125,0.9611681699752808,-0.4873768091201782
134,4390912,-1.3147587776184082,0.00518798828125,0.0035769711503235158,91.79227963089943,1.8623677743598819,0.011832766644602088,0.146759033203125,0.9699357748031616,-0.48833078145980835
135,4423680,-1.239537239074707,0.0050048828125,0.0019260427452536533,85.74426996707916,1.8597788466140628,0.009886879544410476,0.11920166015625,0.9717814922332764,-0.4893204867839813
136,4456448,-1.2313425540924072,0.007049560546875,0.005206336671108147,111.6051593720913,1.8575950358062983,0.011445607425230264,0.1432037353515625,0.9622774124145508,-0.490882009267807
137,4489216,-1.3258224725723267,0.005126953125,0.00034635479823919013,72.1233140528202,1.8509144131094217,0.006044583489710931,0.0756378173828125,0.9762423038482666,-0.4960010051727295
138,4521984,-1.2239887714385986,0.0054931640625,0.0004327960796217667,68.61918830871582,1.8438206855207682,0.006158374922051735,0.07729339599609375,0.9745429158210754,-0.4974287152290344
139,4554752,-1.150029182434082,0.00537109375,0.0015038688889035257,67.20719903707504,1.8427289593964815,0.0095791005837782,0.1192779541015625,0.9748230576515198,-0.4975773096084595
140,4587520,-1.2997939586639404,0.00726318359375,0.0026852559076360194,91.07446336746216,1.841145827434957,0.00831701668084861,0.09214019775390625,0.9687092304229736,-0.4992440342903137
141,4620288,-1.2035746574401855,0.0057373046875,0.0034212755472253775,51.55030071735382,1.838276844471693,0.011535263454788947,0.132568359375,0.978640079498291,-0.500630259513855
142,4653056,-1.1465303897857666,0.0057373046875,0.0039679886540398,45.47462913393974,1.8350171018391848,0.011652294931991491,0.13616180419921875,0.9791851043701172,-0.5024285912513733
143,4685824,-1.1352267265319824,0.007720947265625,0.00567546621641668,63.50060388445854,1.8306560078635812,0.016019573895846406,0.161712646484375,0.971729576587677,-0.5045256018638611
144,4718592,-1.2584351301193237,0.00567626953125,0.00307289356351248,46.57852026820183,1.829476611688733,0.010873658224227256,0.1265411376953125,0.9796097278594971,-0.5039092302322388
145,4751360,-1.124780297279358,0.006103515625,0.004248579363775207,38.7937445640564,1.826030008494854,0.011676879306378396,0.137969970703125,0.9821183085441589,-0.5075566172599792
146,4784128,-1.0725902318954468,0.00634765625,0.004555964032988413,39.168827295303345,1.8197809122502804,0.012430217805103894,0.13763427734375,0.9811972975730896,-0.5101476311683655
147,4816896,-1.1959826946258545,0.007720947265625,0.0065426219916844275,52.07602018117905,1.8157460698857903,0.017285436374550045,0.15706634521484375,0.9777321815490723,-0.5119135975837708
148,4849664,-1.1892783641815186,0.006561279296875,0.01632232673910039,32.179136261343956,1.8118894705548882,0.04105307024656213,0.25196075439453125,0.9857069253921509,-0.5139675736427307
149,4882432,-1.0865554809570312,0.005950927734375,0.006397497243597172,32.66956928372383,1.810844019986689,0.01532092930028739,0.1468658447265625,0.9855324625968933,-0.5135072469711304
150,4915200,-1.0525236129760742,0.00732421875,0.002188739468692802,46.18604491651058,1.8089160602539778,0.009083022612685454,0.11176300048828125,0.9782818555831909,-0.5154253244400024
151,4947968,-1.2297552824020386,0.006591796875,0.0023550392033939715,29.590051531791687,1.8057141872122884,0.009476764739247301,0.10758209228515625,0.9883344173431396,-0.5166842937469482
152,4980736,-1.121466040611267,0.006378173828125,0.0011430669692344964,26.64755693078041,1.7998244957998395,0.011801033698702668,0.13376617431640625,0.9872294664382935,-0.5210273265838623
153,5013504,-1.0282739400863647,0.006439208984375,0.013122640520123241,20.770625047385693,1.7913988744840026,0.027416794166128966,0.2129669189453125,0.9892833828926086,-0.5257598161697388
154,5046272,-1.094651699066162,0.0072021484375,0.007772315948386677,19.97683957219124,1.7840992929413915,0.01830949178247465,0.17549896240234375,0.9907997250556946,-0.5279613733291626
155,5079040,-1.1462337970733643,0.006439208984375,0.006752144234269508,17.944023489952087,1.7791232010349631,0.01670097564419848,0.16577911376953125,0.9913638830184937,-0.5309323072433472
156,5111808,-1.098236083984375,0.007232666015625,0.0026191341094090603,17.302292227745056,1.7729418277740479,0.009968312503588095,0.11286163330078125,0.9906572699546814,-0.5339177846908569
157,5144576,-1.0540449619293213,0.0079345703125,0.008590721656219102,17.867210268974304,1.7678324058651924,0.02473393389072953,0.16909027099609375,0.990364134311676,-0.5358003377914429
158,5177344,-1.192183017730713,0.00811767578125,0.009487228917350876,19.937683768570423,1.7627695240080357,0.02204787293339905,0.182830810546875,0.9899710416793823,-0.5392698049545288
159,5210112,-1.1459535360336304,0.0079345703125,0.004228809535561595,17.607807464897633,1.7565946793183684,0.014962240385102632,0.14862060546875,0.9883750677108765,-0.5419921278953552
160,5242880,-1.0970878601074219,0.0079345703125,0.07233570994685579,15.589712209999561,1.7531882524490356,0.42251947900194864,0.367767333984375,0.9920996427536011,-0.5411019325256348
161,5275648,-1.1423448324203491,0.008087158203125,0.0054816900337755214,18.84108255058527,1.7539260890334845,0.01551899000423873,0.15435028076171875,0.987781822681427,-0.5428726673126221
162,5308416,-1.1219927072525024,0.00726318359375,0.0024589952026872197,13.646532252430916,1.7479954324662685,0.013342960305180895,0.14540863037109375,0.9919680953025818,-0.547026515007019
163,5341184,-1.1087590456008911,0.007904052734375,0.01517850346135674,13.080311894416809,1.738881985656917,0.03224045408887832,0.20110321044921875,0.9926528334617615,-0.5518272519111633
164,5373952,-1.0825258493423462,0.0074462890625,0.00898233169937157,12.269693583250046,1.7300500040873885,0.024301709195697185,0.18538665771484375,0.9931769371032715,-0.5558313727378845
165,5406720,-1.1779166460037231,0.008056640625,0.0025680164089862956,12.408272683620453,1.7220208793878555,0.01170397696478176,0.12540435791015625,0.9941064715385437,-0.5594985485076904
166,5439488,-1.1431515216827393,0.0078125,0.011312809321680106,10.875106487423182,1.7132904399186373,0.023801487104719854,0.2000885009765625,0.9940380454063416,-0.5649566650390625
167,5472256,-1.075926661491394,0.00732421875,0.008656375201553601,9.996252942830324,1.7032581809908152,0.023686757862378727,0.2045135498046875,0.9940757155418396,-0.5697729587554932
168,5505024,-1.130928635597229,0.0079345703125,0.012949719558491779,12.328599222004414,1.6931419475004077,0.031221011429806822,0.20824432373046875,0.9942407608032227,-0.5746326446533203
169,5537792,-1.1518652439117432,0.007354736328125,-0.00014021865536051337,12.005360942333937,1.6855197604745626,0.007583497964787966,0.09521484375,0.9939401745796204,-0.57855623960495
170,5570560,-1.1538493633270264,0.0081787109375,0.01913687024716637,11.007532559335232,1.6779426485300064,0.0511614753536378,0.27327728271484375,0.9937844276428223,-0.5815697312355042
171,5603328,-1.1527299880981445,0.00927734375,0.003671173948532669,11.815547086298466,1.6702758381143212,0.009450494058910408,0.11484527587890625,0.9928257465362549,-0.5861844420433044
172,5636096,-1.2436308860778809,0.0093994140625,0.0019772896739596035,11.734558369964361,1.6616892218589783,0.0072739039387670346,0.0860748291015625,0.9937833547592163,-0.5898656845092773
173,5668864,-1.2266316413879395,0.009918212890625,0.007938607181131374,11.885169956833124,1.6525841541588306,0.016469051981403027,0.1423797607421875,0.9935830235481262,-0.5952366590499878
174,5701632,-1.1884652376174927,0.00933837890625,0.004799380301847123,12.08553471416235,1.6438547875732183,0.011270024928762723,0.12218475341796875,0.9933292865753174,-0.5990582704544067
175,5734400,-1.1869120597839355,0.0093994140625,0.014095266609729151,12.32487154379487,1.6383455358445644,0.03075958457429806,0.20148468017578125,0.9938820600509644,-0.6004453897476196
176,5767168,-1.2091865539550781,0.00933837890625,0.0053760183982376475,11.408906877040863,1.6317787496373057,0.012215451262363786,0.12656402587890625,0.9941098690032959,-0.6052181720733643
177,5799936,-1.1792494058609009,0.00897216796875,0.16725584459254605,10.214857645332813,1.6303524738177657,0.7653347814548397,0.5313720703125,0.9940677881240845,-0.598508358001709
178,5832704,-1.293532371520996,0.0054931640625,0.006964375043025939,14.867891751229763,1.6409866120666265,0.013947915974767966,0.150054931640625,0.9827020168304443,-0.5984677076339722
179,5865472,-1.3188579082489014,0.00543212890625,0.0016634627936582547,19.28200103342533,1.6410526167601347,0.007624026656230853,0.095123291015625,0.9831976294517517,-0.5982696413993835
180,5898240,-1.3413232564926147,0.005706787109375,0.0027264574564469513,20.669259808957577,1.6411935929208994,0.009159256062503118,0.10884857177734375,0.9819173812866211,-0.5982459187507629
181,5931008,-1.3143281936645508,0.005706787109375,0.015455058017323609,23.30975440144539,1.6398909352719784,0.04142606738332688,0.1425018310546875,0.9815132021903992,-0.5990985035896301
182,5963776,-1.2743887901306152,0.00482177734375,0.002726231281485525,24.0827314555645,1.6378801595419645,0.00906787897383765,0.1089324951171875,0.9800944328308105,-0.6015111207962036
183,5996544,-1.30308198928833,0.005584716796875,0.00270228329100064,27.61556540429592,1.6334864515811205,0.009177523423204548,0.110626220703125,0.9797952175140381,-0.6023852825164795
184,6029312,-1.3002684116363525,0.005950927734375,0.008760329421420465,27.007106199860573,1.6304654739797115,0.01765391214621559,0.12981414794921875,0.9779919385910034,-0.6046998500823975
185,6062080,-1.2838016748428345,0.00543212890625,0.008046833845583024,27.599807232618332,1.6279770275577903,0.017553971568759152,0.15230560302734375,0.9796595573425293,-0.605613112449646
186,6094848,-1.242788314819336,0.00537109375,0.00021872136494494043,29.11938440799713,1.6245541712269187,0.005751862335273472,0.073699951171875,0.9786210060119629,-0.6076698303222656
187,6127616,-1.2891203165054321,0.005859375,0.0028561182125486084,27.719226151704788,1.6206271424889565,0.00901948397859087,0.10413360595703125,0.9794843196868896,-0.6095675230026245
188,6160384,-1.2806249856948853,0.006195068359375,0.004550070158074959,28.974320456385612,1.6170830251649022,0.011139166568682413,0.13483428955078125,0.9784823060035706,-0.6111088991165161
189,6193152,-1.2293775081634521,0.00537109375,0.003107076825472177,26.87451457977295,1.6129863252863288,0.007576885640446562,0.0957489013671875,0.9807767868041992,-0.6138390302658081
190,6225920,-1.2607886791229248,0.00592041015625,0.0019980988145107403,30.960682839155197,1.6075549572706223,0.006489995819720207,0.07869720458984375,0.9799474477767944,-0.6167303919792175
191,6258688,-1.2826123237609863,0.006561279296875,0.0008321260484080995,27.951172217726707,1.6038931161165237,0.006026764745456603,0.07234954833984375,0.9802998304367065,-0.6174554824829102
192,6291456,-1.2422038316726685,0.0054931640625,0.0028280810147407465,25.249803014099598,1.599892020225525,0.009746464580075553,0.1236419677734375,0.981618344783783,-0.6207942962646484
193,6324224,-1.1801042556762695,0.0057373046875,0.004274293178241351,25.82939773797989,1.5944895204156637,0.011556931013274152,0.13299560546875,0.982085108757019,-0.6225403547286987
194,6356992,-1.2457585334777832,0.005950927734375,0.005155228691364755,23.879732996225357,1.5902359373867512,0.012517076484527934,0.12386322021484375,0.9844510555267334,-0.6246984601020813
195,6389760,-1.2426769733428955,0.00665283203125,0.004071433775607147,24.357843801379204,1.583665519952774,0.010181871660734032,0.119049072265625,0.9832023978233337,-0.6293153166770935
196,6422528,-1.178809642791748,0.005462646484375,0.0014343564544105902,21.535815462470055,1.5790519276633859,0.008316980049130507,0.10147857666015625,0.9853620529174805,-0.6293298006057739
197,6455296,-1.1928941011428833,0.00616455078125,0.00022635005007032305,25.947018027305603,1.5792619492858648,0.00579407144596189,0.07195281982421875,0.9835674166679382,-0.6291289329528809
198,6488064,-1.2132850885391235,0.00628662109375,0.004430755849170964,21.701683714985847,1.5774015337228775,0.012414080375492631,0.1367950439453125,0.9846461415290833,-0.6309897899627686
199,6520832,-1.1989010572433472,0.00616455078125,0.0022691840676998254,22.4094825014472,1.5730695249512792,0.008664733407840686,0.10335540771484375,0.9861003160476685,-0.6338344812393188
200,6553600,-1.1356887817382812,0.00640869140625,0.0023311048244067933,22.916789308190346,1.5672100251540542,0.006647939233971556,0.08461761474609375,0.9855744242668152,-0.6367088556289673
201,6586368,-1.1667060852050781,0.00677490234375,0.003005236443641479,21.484396815299988,1.5620576534420252,0.009188794802412303,0.11071014404296875,0.9871878623962402,-0.6390540599822998
202,6619136,-1.1677565574645996,0.00714111328125,0.012797036069969181,20.885535836219788,1.5577924316748977,0.029149823286843457,0.1465911865234375,0.9864509701728821,-0.6406527757644653
203,6651904,-1.1232120990753174,0.00616455078125,0.007055908328766236,19.03196481615305,1.5575130637735128,0.014777317097468767,0.160614013671875,0.987842321395874,-0.6402979493141174
204,6684672,-1.151315450668335,0.006256103515625,0.0008627004590380238,20.673875078558922,1.5556071735918522,0.007568052295027883,0.09580230712890625,0.9878683090209961,-0.6416962742805481
205,6717440,-1.1480066776275635,0.00634765625,0.0028254808057681657,18.842124477028847,1.5522583490237594,0.008924941012537602,0.1129150390625,0.9873884916305542,-0.6441799402236938
206,6750208,-1.1842149496078491,0.006866455078125,0.0022599029425691697,19.71115492284298,1.5464612375944853,0.008368122176761972,0.0982818603515625,0.9875823855400085,-0.6468546986579895
207,6782976,-1.0964460372924805,0.006103515625,0.0025097472389461473,19.10774376243353,1.5422191405668855,0.00858988593245158,0.0973358154296875,0.9879423975944519,-0.648287832736969
208,6815744,-1.1215516328811646,0.006317138671875,0.001279969797906233,21.326326362788677,1.5404003877192736,0.0072185980061476585,0.082122802734375,0.9871844053268433,-0.6492753624916077
209,6848512,-1.1247942447662354,0.006866455078125,0.006957807037906605,19.42195811122656,1.5373626127839088,0.012309897828345129,0.12955474853515625,0.9882967472076416,-0.6509964466094971
210,6881280,-1.1370160579681396,0.00665283203125,0.002531652426114306,18.836983740329742,1.5342655312269926,0.00713891646500997,0.0890045166015625,0.9885704517364502,-0.6525752544403076
211,6914048,-1.0892467498779297,0.006500244140625,0.0017304008979408536,19.111315481364727,1.5311677204445004,0.0071160587053782365,0.0877227783203125,0.9884453415870667,-0.6542091369628906
212,6946816,-1.1416597366333008,0.0072021484375,0.014194097075233003,18.840940408408642,1.5280804662033916,0.023017407660518074,0.2210235595703125,0.9882527589797974,-0.6555991768836975
213,6979584,-1.156798243522644,0.006988525390625,0.00955680654169555,20.257188886404037,1.5255692787468433,0.018266646249685436,0.149566650390625,0.9880204200744629,-0.6566420793533325
214,7012352,-1.1091132164001465,0.00653076171875,0.0028306498934398405,17.775282233953476,1.5189824812114239,0.009701025350295822,0.11655426025390625,0.9886691570281982,-0.6622022390365601
215,7045120,-1.120100975036621,0.006927490234375,0.001574756755871931,20.238082841038704,1.5117887808009982,0.006975574290663644,0.085357666015625,0.9888092279434204,-0.663970947265625
216,7077888,-1.1478127241134644,0.007110595703125,0.008868520777468802,18.706521399319172,1.5098363272845745,0.01602786433250003,0.1554718017578125,0.9887270927429199,-0.6639602184295654
217,7110656,-1.1097934246063232,0.00634765625,0.0020998986692575272,17.303543768823147,1.5077182967215776,0.006907089900323626,0.08936309814453125,0.9885749816894531,-0.6658071875572205
218,7143424,-1.1102256774902344,0.0072021484375,0.0029013271878284286,20.47785820066929,1.504218554124236,0.007401342041703174,0.0877532958984375,0.9879805445671082,-0.6679639220237732
219,7176192,-1.1391282081604004,0.007171630859375,0.003869340354867745,18.544281661510468,1.5012707943096757,0.008735447685921827,0.102691650390625,0.9874302744865417,-0.6689178347587585
220,7208960,-1.1555721759796143,0.0079345703125,0.0033022991174220806,20.643595188856125,1.498457059264183,0.008226642978115706,0.09841156005859375,0.9878821969032288,-0.670630693435669
221,7241728,-1.1139166355133057,0.007049560546875,0.0014634908247899148,17.5985247194767,1.4956797594204545,0.0060069977853345335,0.076416015625,0.9892633557319641,-0.6712509989738464
222,7274496,-1.1309865713119507,0.007659912109375,0.001438313858670881,19.441324897110462,1.4927794709801674,0.005566695685956802,0.06636810302734375,0.9889351725578308,-0.6740634441375732
223,7307264,-1.13589608669281,0.007781982421875,0.003022921951924218,16.54955992102623,1.4858215246349573,0.009556362183047895,0.10858154296875,0.9898450970649719,-0.677513599395752
224,7340032,-1.146432638168335,0.00775146484375,0.015811135351214034,16.77869203686714,1.4806235125288367,0.034623913972154696,0.14939117431640625,0.9900950789451599,-0.6795341372489929
225,7372800,-1.0959118604660034,0.007354736328125,0.015608827978212503,16.848202124238014,1.4789648419246078,0.03394578892766731,0.18257904052734375,0.9898836612701416,-0.6811621189117432
226,7405568,-1.0987735986709595,0.007720947265625,0.005498346816239064,16.473493956029415,1.47324625775218,0.012645046172110597,0.141143798828125,0.9895120859146118,-0.6831383109092712
227,7438336,-1.1253737211227417,0.007659912109375,0.011038529766665306,17.860560171306133,1.4692930802702904,0.01859140451233543,0.1755523681640625,0.988548219203949,-0.6855697631835938
228,7471104,-1.0861190557479858,0.007171630859375,0.0013627400494442554,17.576874531805515,1.465375466272235,0.006147597028302698,0.07544708251953125,0.9893183708190918,-0.686877965927124
229,7503872,-1.084099531173706,0.007354736328125,0.007098924501406145,17.13507180660963,1.4643731229007244,0.012101036385502084,0.13532257080078125,0.9893632531166077,-0.6867919564247131
230,7536640,-1.1184124946594238,0.00750732421875,0.003623301273364632,15.654889442026615,1.4626055918633938,0.007583003344734607,0.0903472900390625,0.9907401204109192,-0.6888641715049744
231,7569408,-1.1248836517333984,0.0074462890625,0.0014314172967715422,15.88767796754837,1.4586024917662144,0.006389657987256214,0.07975006103515625,0.9905475378036499,-0.6905204057693481
232,7602176,-1.07731294631958,0.007293701171875,0.0037480031887753285,15.508613154292107,1.4551111264154315,0.008405063891132158,0.09906768798828125,0.9901204705238342,-0.6918326020240784
233,7634944,-1.1331597566604614,0.007720947265625,0.0028360419182718033,16.368247143924236,1.4532716134563088,0.006851712294974277,0.08557891845703125,0.9907503724098206,-0.6931430101394653
234,7667712,-1.1188825368881226,0.0076904296875,0.010482908183803374,15.507969565689564,1.448851847089827,0.020321634987340076,0.18889617919921875,0.9900948405265808,-0.6958225965499878
235,7700480,-1.118607759475708,0.007232666015625,0.00513466903794324,15.527094341814518,1.44560787640512,0.009974585617783305,0.114044189453125,0.9904478192329407,-0.696985125541687
236,7733248,-1.124053716659546,0.007568359375,0.0017449965307605453,17.23639114201069,1.4415531465783715,0.00683399020908837,0.08289337158203125,0.9899269938468933,-0.6993736028671265
237,7766016,-1.1178548336029053,0.007537841796875,0.005562294919400301,15.119513720273972,1.4357710685580969,0.0108418623281068,0.11407470703125,0.9902883172035217,-0.702803373336792
238,7798784,-1.078250765800476,0.006805419921875,0.004544287177850492,16.991821445524693,1.4312132028862834,0.010553171247920545,0.12903594970703125,0.9900707602500916,-0.7035871744155884
239,7831552,-1.0679283142089844,0.0068359375,0.007796090283591184,16.115438111126423,1.429078197106719,0.016630122259812197,0.14579010009765625,0.9905216097831726,-0.7048295736312866
240,7864320,-1.1099283695220947,0.007354736328125,0.003216377216631372,18.951178573071957,1.425942774862051,0.008391610250328085,0.09792327880859375,0.9898587465286255,-0.7072988748550415
241,7897088,-1.099308967590332,0.007568359375,0.009849057925748639,16.466537818312645,1.420035595074296,0.01808415598816282,0.1712493896484375,0.9901077747344971,-0.7098184823989868
242,7929856,-1.1007750034332275,0.0067138671875,0.0016602058931312058,15.709835022687912,1.4136871118098497,0.006740065252415661,0.0854034423828125,0.9914588332176208,-0.7145507335662842
243,7962624,-1.0690475702285767,0.007232666015625,0.00031304044750868343,17.16659190505743,1.4061155319213867,0.00442722168918408,0.05100250244140625,0.9907819628715515,-0.7175116539001465
244,7995392,-1.0973132848739624,0.007568359375,0.004197968843072886,14.747592851519585,1.3987950794398785,0.008360486242963816,0.09696197509765625,0.9914417862892151,-0.7224780917167664
245,8028160,-1.091700792312622,0.00726318359375,0.0047856223754934035,15.13331726193428,1.3882012329995632,0.00820879086631976,0.10077667236328125,0.9910855293273926,-0.7269487380981445
246,8060928,-1.0865741968154907,0.007171630859375,0.00279795851020026,13.033447362482548,1.3802428292110562,0.008463443413347704,0.104766845703125,0.9922618865966797,-0.7302449941635132
247,8093696,-1.1010558605194092,0.00787353515625,0.01370735195268935,14.361447289586067,1.3765911608934402,0.025747465346739773,0.17922210693359375,0.9913510084152222,-0.7303470373153687
248,8126464,-1.112396001815796,0.007537841796875,0.004040964824525872,13.587714843451977,1.3755088141188025,0.00946164155493534,0.102020263671875,0.9915978312492371,-0.7321776151657104
249,8159232,-1.1114068031311035,0.00775146484375,0.008055626130953897,13.540763072669506,1.3720587817952037,0.014901191938406555,0.159027099609375,0.99164879322052,-0.7333797216415405
250,8192000,-1.1047221422195435,0.0081787109375,0.0023462670824301313,14.146154887974262,1.367612887173891,0.006990379860326357,0.08657073974609375,0.9910425543785095,-0.736727237701416
251,8224768,-1.1317766904830933,0.0081787109375,0.018876430123782484,14.950457744300365,1.3634566441178322,0.031113576840652968,0.22174835205078125,0.9914178252220154,-0.7375402450561523
252,8257536,-1.1071969270706177,0.007904052734375,0.0012734908814309165,14.04585050791502,1.3605575002729893,0.006494041656878835,0.07875823974609375,0.9912362098693848,-0.739844024181366
253,8290304,-1.1339008808135986,0.00811767578125,0.009580196805472951,11.897156536579132,1.3548803646117449,0.016896030894713476,0.15940093994140625,0.9933100342750549,-0.7428219318389893
254,8323072,-1.0940983295440674,0.008270263671875,0.003458337935626332,15.753886438906193,1.350981168448925,0.008075596060734824,0.10521697998046875,0.992243766784668,-0.7441567182540894
255,8355840,-1.1350810527801514,0.00836181640625,0.005049854251410579,13.162355966866016,1.3473633667454123,0.011411886107907776,0.13134002685546875,0.9915894269943237,-0.7462751865386963
256,8388608,-1.1246131658554077,0.00823974609375,0.0038042916366975987,13.042390447109938,1.3421765333041549,0.007776450485835085,0.08977508544921875,0.9925363063812256,-0.7499563694000244
257,8421376,-1.1179139614105225,0.008209228515625,0.009201835031490191,13.014239568263292,1.3375442177057266,0.016685766987393436,0.1394500732421875,0.9928417801856995,-0.7501762509346008
258,8454144,-1.1349549293518066,0.008544921875,0.0028170662189950235,14.730032406747341,1.3353142347186804,0.006366387397520157,0.07544708251953125,0.9922639727592468,-0.7525293827056885
259,8486912,-1.1325452327728271,0.008544921875,0.007503133208956569,11.806666854768991,1.3302844036370516,0.013611134103030054,0.146392822265625,0.9925575256347656,-0.7551608085632324
260,8519680,-1.106420636177063,0.0079345703125,0.004181023010460194,11.507066041231155,1.3237229809165,0.009956414788575785,0.1080780029296875,0.9932458400726318,-0.7586521506309509
261,8552448,-1.0953369140625,0.008026123046875,0.01342434271100501,12.44245059043169,1.3191016539931297,0.024641012146275898,0.19351959228515625,0.9925865530967712,-0.7594982385635376
262,8585216,-1.1405333280563354,0.008331298828125,0.0022993982920525013,13.13957654684782,1.317549210973084,0.007972595203682431,0.09996795654296875,0.9923962354660034,-0.761067271232605
263,8617984,-1.1072536706924438,0.00799560546875,0.005329876112227794,12.744652546942234,1.3135059149935842,0.011702758106366673,0.1129150390625,0.9921644926071167,-0.7629313468933105
264,8650752,-1.1252491474151611,0.008026123046875,0.00732174147196929,12.347133025527,1.3106690887361765,0.012792821937182453,0.13165283203125,0.9923685193061829,-0.7645851373672485
265,8683520,-1.1254351139068604,0.0086669921875,0.0020517758493951987,13.66564466059208,1.3058868637308478,0.007246061975820339,0.08910369873046875,0.9919641017913818,-0.7672274112701416
266,8716288,-1.1231728792190552,0.007965087890625,0.008129270429890312,11.961924366652966,1.3007886810228229,0.014563969430582802,0.1635894775390625,0.9923096299171448,-0.7699023485183716
267,8749056,-1.1120792627334595,0.007965087890625,0.0054856263641340774,12.550437107682228,1.2958096181973815,0.015311679942442424,0.146636962890625,0.9926074743270874,-0.7718831300735474
268,8781824,-1.0912692546844482,0.00811767578125,0.012480537361625466,13.130703888833523,1.2912359116598964,0.019700909539096756,0.193939208984375,0.9920435547828674,-0.7744683027267456
269,8814592,-1.1110928058624268,0.00775146484375,0.013570311213698005,12.652537949383259,1.283721223473549,0.023063691731749714,0.17952728271484375,0.9922743439674377,-0.7806406617164612
270,8847360,-1.1103949546813965,0.008453369140625,0.002630155016959179,13.549031868577003,1.273775258101523,0.007139624048249971,0.0855865478515625,0.9917380809783936,-0.783519983291626
271,8880128,-1.102491855621338,0.008056640625,0.003897325794241624,12.235541302710772,1.2690726816654205,0.008378499731861666,0.09574127197265625,0.9925442934036255,-0.785297155380249
272,8912896,-1.1216933727264404,0.008392333984375,0.0037423150961330975,13.98522388190031,1.264270681887865,0.008587562550019356,0.10222625732421875,0.9919922947883606,-0.7887021899223328
273,8945664,-1.1177421808242798,0.0084228515625,0.007075497200276004,13.358641929924488,1.2581038093194366,0.011086679440722946,0.12218475341796875,0.9910599589347839,-0.7909799218177795
274,8978432,-1.1155893802642822,0.00799560546875,0.0021859327134734485,13.207050405442715,1.2526824278756976,0.007183526493008685,0.08905792236328125,0.9917926788330078,-0.7934750318527222
275,9011200,-1.1011701822280884,0.008087158203125,0.004257456785126124,14.109427109360695,1.24756786134094,0.009793734690902056,0.120086669921875,0.991263210773468,-0.796783447265625
276,9043968,-1.11988365650177,0.00848388671875,0.005992884763145412,14.653002962470055,1.2436278453096747,0.012154162421666115,0.138031005859375,0.9910017848014832,-0.7970770597457886
277,9076736,-1.1419750452041626,0.00836181640625,0.008128261462843511,12.339431215077639,1.24144970998168,0.014600991512907058,0.14681243896484375,0.9922480583190918,-0.7997613549232483
278,9109504,-1.1045408248901367,0.00811767578125,0.006619180261623114,11.960795797407627,1.236057817004621,0.01171419355296166,0.128326416015625,0.9931195378303528,-0.8019378185272217
279,9142272,-1.0953346490859985,0.0084228515625,0.002104013259668136,12.976408518850803,1.2302257660776377,0.007008428131484834,0.08786773681640625,0.9920276999473572,-0.8059385418891907
280,9175040,-1.1444294452667236,0.008331298828125,0.0018125927235814743,13.155175253748894,1.2217994099482894,0.005458123967855499,0.06793212890625,0.992553174495697,-0.8097240924835205
281,9207808,-1.1255674362182617,0.008758544921875,0.006415886073227739,13.976171534508467,1.2155818827450275,0.01196606364874242,0.1262969970703125,0.9922377467155457,-0.8124098181724548
282,9240576,-1.0926333665847778,0.008331298828125,0.003988139034845517,12.907183326780796,1.2085849540308118,0.007222169132091949,0.08586883544921875,0.9913989305496216,-0.8167542815208435
283,9273344,-1.1274609565734863,0.008941650390625,0.005916417248954531,13.699580579996109,1.203704573214054,0.01060601610925005,0.11074066162109375,0.9914844036102295,-0.8174362182617188
284,9306112,-1.1505827903747559,0.00909423828125,0.010167674994590925,15.100676320493221,1.2007698277011514,0.018695025620218075,0.15665435791015625,0.9912471771240234,-0.8195149898529053
285,9338880,-1.1306216716766357,0.008575439453125,0.008354385523489327,13.491417355835438,1.1960524255409837,0.012890783819329954,0.14641571044921875,0.9921932220458984,-0.8228325843811035
286,9371648,-1.10886812210083,0.0081787109375,0.005231299230217701,14.615545198321342,1.189094053581357,0.009776757706731587,0.10894775390625,0.9911306500434875,-0.8252168893814087
287,9404416,-1.121826171875,0.008514404296875,0.005013543623135774,13.956635892391205,1.1845806259661913,0.00917472354876736,0.1110687255859375,0.9914657473564148,-0.8276570439338684
288,9437184,-1.1521366834640503,0.0086669921875,0.0028659650688496185,13.45212273299694,1.180412526242435,0.00797064067228348,0.09883880615234375,0.9918836951255798,-0.8295585513114929
289,9469952,-1.10252845287323,0.00836181640625,0.028261594770810916,13.396029114723206,1.1785930562764406,0.08442534708365201,0.2043304443359375,0.9919449687004089,-0.8283823728561401
290,9502720,-1.047724723815918,0.0068359375,0.021788108306282084,14.222123265266418,1.1823772760108113,0.04178824520204216,0.26648712158203125,0.9902728199958801,-0.8279834985733032
291,9535488,-1.050343632698059,0.0078125,0.00235132827583584,13.33742194622755,1.1799355298280716,0.008820744403692515,0.1102294921875,0.9913244843482971,-0.8300200700759888
292,9568256,-1.0820746421813965,0.007537841796875,0.001610758434253512,13.420054078102112,1.1759650725871325,0.006789346241475869,0.08481597900390625,0.9919622540473938,-0.8320324420928955
293,9601024,-1.0725117921829224,0.008148193359375,0.001267087060114136,14.352237403392792,1.172072371467948,0.00545439959887517,0.06719207763671875,0.9912505745887756,-0.8338247537612915
294,9633792,-1.1262078285217285,0.008453369140625,0.007581372527056374,13.957361869513988,1.168680228292942,0.013392308278071141,0.1439361572265625,0.9915793538093567,-0.835660994052887
295,9666560,-1.1295061111450195,0.008575439453125,0.0020911702540615806,14.121991015970707,1.1644339263439178,0.007040774163669994,0.08835601806640625,0.9906650185585022,-0.8382675051689148
296,9699328,-1.1006633043289185,0.008514404296875,0.002813115474054939,13.134041607379913,1.1595661537721753,0.00744487764495716,0.09348297119140625,0.9912959933280945,-0.8395612239837646
297,9732096,-1.150902509689331,0.00927734375,0.003951700398829416,14.874658927321434,1.157104866579175,0.008617090127700067,0.1059722900390625,0.9907945394515991,-0.8412097692489624
298,9764864,-1.1490479707717896,0.0089111328125,0.007835289596187067,12.67146185040474,1.1506231678649783,0.015463422926586645,0.1486663818359375,0.992424488067627,-0.8450100421905518
299,9797632,-1.1238006353378296,0.008697509765625,0.007062396807668847,13.102821454405785,1.143502446822822,0.011796685158969922,0.12221527099609375,0.9925938248634338,-0.8493337631225586
300,9830400,-1.114127516746521,0.008880615234375,0.0053490152131416835,14.265045620501041,1.1371115604415536,0.009433766213987838,0.1148223876953125,0.9913361072540283,-0.8511284589767456
301,9863168,-1.1527361869812012,0.009063720703125,0.007053551462377072,12.738545037806034,1.1348518757149577,0.012272740178332242,0.13315582275390625,0.9923683404922485,-0.8518482446670532
302,9895936,-1.140270709991455,0.008758544921875,0.0037907042515143985,13.253136914223433,1.1325193997472525,0.008640087916774064,0.10491180419921875,0.9921869039535522,-0.8532955646514893
303,9928704,-1.109716534614563,0.00885009765625,0.008870962741639232,11.702702905982733,1.1295209480449557,0.016021380066376878,0.1497039794921875,0.9928235411643982,-0.8544737100601196
304,9961472,-1.12556791305542,0.009124755859375,0.012018756504403427,13.603114895522594,1.1293249409645796,0.022634069975538296,0.17166900634765625,0.9922295212745667,-0.8541278839111328
305,9994240,-1.114505648612976,0.008392333984375,0.00430896868056152,12.558026514947414,1.1283163484185934,0.009603848851838848,0.1169586181640625,0.9924464821815491,-0.8557653427124023
