q,body,body_size,direction,lit,activation_cost,witness_intercept,add_points
5,empty,0,0,false,5,0,0 1 2 3 4
5,empty,0,1,false,5,0,0 6 12 18 24
5,empty,0,2,false,5,0,0 8 11 19 22
5,empty,0,3,false,5,0,0 7 14 16 23
5,empty,0,4,false,5,0,0 9 13 17 21
5,empty,0,inf,false,5,0,0 5 10 15 20
5,single-line,5,0,true,0,0,
5,single-line,5,1,false,4,0,6 12 18 24
5,single-line,5,2,false,4,0,8 11 19 22
5,single-line,5,3,false,4,0,7 14 16 23
5,single-line,5,4,false,4,0,9 13 17 21
5,single-line,5,inf,false,4,0,5 10 15 20
5,line-plus-1,6,0,true,0,0,
5,line-plus-1,6,1,false,3,1,11 17 23
5,line-plus-1,6,2,false,3,1,13 16 24
5,line-plus-1,6,3,false,3,1,12 19 21
5,line-plus-1,6,4,false,3,1,14 18 22
5,line-plus-1,6,inf,false,3,0,10 15 20
5,line-plus-safe,8,0,true,0,0,
5,line-plus-safe,8,1,false,3,0,12 18 24
5,line-plus-safe,8,2,false,3,1,13 16 24
5,line-plus-safe,8,3,false,3,0,14 16 23
5,line-plus-safe,8,4,false,3,1,14 18 22
5,line-plus-safe,8,inf,false,3,0,10 15 20
5,threshold-cross,9,0,true,0,0,
5,threshold-cross,9,1,true,0,1,
5,threshold-cross,9,2,false,3,0,8 19 22
5,threshold-cross,9,3,false,3,0,7 14 16
5,threshold-cross,9,4,false,3,0,9 13 21
5,threshold-cross,9,inf,false,3,0,10 15 20
5,star-k2,9,0,true,0,0,
5,star-k2,9,1,true,0,0,
5,star-k2,9,2,false,3,1,5 13 16
5,star-k2,9,3,false,3,1,5 19 21
5,star-k2,9,4,false,3,1,5 14 22
5,star-k2,9,inf,false,3,1,11 16 21
5,star-k3,13,0,true,0,0,
5,star-k3,13,1,true,0,0,
5,star-k3,13,2,true,0,0,
5,star-k3,13,3,false,2,1,5 21
5,star-k3,13,4,false,2,1,5 14
5,star-k3,13,inf,false,2,1,16 21
5,star-k4,17,0,true,0,0,
5,star-k4,17,1,true,0,0,
5,star-k4,17,2,true,0,0,
5,star-k4,17,3,true,0,0,
5,star-k4,17,4,false,1,1,5
5,star-k4,17,inf,false,1,1,21
5,pencil-minus-one,21,0,true,0,0,
5,pencil-minus-one,21,1,true,0,0,
5,pencil-minus-one,21,2,true,0,0,
5,pencil-minus-one,21,3,true,0,0,
5,pencil-minus-one,21,4,true,0,0,
5,pencil-minus-one,21,inf,true,0,1,
5,whole-plane,25,0,true,0,0,
5,whole-plane,25,1,true,0,0,
5,whole-plane,25,2,true,0,0,
5,whole-plane,25,3,true,0,0,
5,whole-plane,25,4,true,0,0,
5,whole-plane,25,inf,true,0,0,
5,greedy-cover,17,0,true,0,0,
5,greedy-cover,17,1,true,0,0,
5,greedy-cover,17,2,true,0,1,
5,greedy-cover,17,3,true,0,1,
5,greedy-cover,17,4,true,0,0,
5,greedy-cover,17,inf,true,0,1,
5,random-third,8,0,false,3,0,0 1 4
5,random-third,8,1,false,2,3,8 14
5,random-third,8,2,false,2,1,5 24
5,random-third,8,3,false,2,1,5 19
5,random-third,8,4,false,2,3,11 24
5,random-third,8,inf,false,2,2,17 22
5,random-half,12,0,false,1,3,16
5,random-half,12,1,false,2,1,4 11
5,random-half,12,2,false,2,2,4 21
5,random-half,12,3,false,2,0,14 16
5,random-half,12,4,false,1,2,6
5,random-half,12,inf,true,0,0,
7,empty,0,0,false,7,0,0 1 2 3 4 5 6
7,empty,0,1,false,7,0,0 8 16 24 32 40 48
7,empty,0,2,false,7,0,0 11 15 26 30 41 45
7,empty,0,3,false,7,0,0 12 17 22 34 39 44
7,empty,0,4,false,7,0,0 9 18 27 29 38 47
7,empty,0,5,false,7,0,0 10 20 23 33 36 46
7,empty,0,6,false,7,0,0 13 19 25 31 37 43
7,empty,0,inf,false,7,0,0 7 14 21 28 35 42
7,single-line,7,0,true,0,0,
7,single-line,7,1,false,6,0,8 16 24 32 40 48
7,single-line,7,2,false,6,0,11 15 26 30 41 45
7,single-line,7,3,false,6,0,12 17 22 34 39 44
7,single-line,7,4,false,6,0,9 18 27 29 38 47
7,single-line,7,5,false,6,0,10 20 23 33 36 46
7,single-line,7,6,false,6,0,13 19 25 31 37 43
7,single-line,7,inf,false,6,0,7 14 21 28 35 42
7,line-plus-1,8,0,true,0,0,
7,line-plus-1,8,1,false,5,1,15 23 31 39 47
7,line-plus-1,8,2,false,5,1,18 22 33 37 48
7,line-plus-1,8,3,false,5,1,19 24 29 41 46
7,line-plus-1,8,4,false,5,1,16 25 34 36 45
7,line-plus-1,8,5,false,5,1,17 27 30 40 43
7,line-plus-1,8,6,false,5,1,20 26 32 38 44
7,line-plus-1,8,inf,false,5,0,14 21 28 35 42
7,line-plus-safe,12,0,true,0,0,
7,line-plus-safe,12,1,false,5,0,16 24 32 40 48
7,line-plus-safe,12,2,false,5,0,15 26 30 41 45
7,line-plus-safe,12,3,false,5,1,19 24 29 41 46
7,line-plus-safe,12,4,false,5,0,18 27 29 38 47
7,line-plus-safe,12,5,false,5,0,20 23 33 36 46
7,line-plus-safe,12,6,false,5,1,20 26 32 38 44
7,line-plus-safe,12,inf,false,5,0,14 21 28 35 42
7,threshold-cross,13,0,true,0,0,
7,threshold-cross,13,1,true,0,1,
7,threshold-cross,13,2,false,5,0,11 26 30 41 45
7,threshold-cross,13,3,false,5,0,12 17 22 34 44
7,threshold-cross,13,4,false,5,0,9 18 27 29 38
7,threshold-cross,13,5,false,5,0,10 20 33 36 46
7,threshold-cross,13,6,false,5,0,13 19 25 37 43
7,threshold-cross,13,inf,false,5,0,14 21 28 35 42
7,star-k2,13,0,true,0,0,
7,star-k2,13,1,true,0,0,
7,star-k2,13,2,false,5,1,7 18 22 33 37
7,star-k2,13,3,false,5,1,7 19 29 41 46
7,star-k2,13,4,false,5,1,7 25 34 36 45
7,star-k2,13,5,false,5,1,7 17 27 30 43
7,star-k2,13,6,false,5,1,7 20 26 38 44
7,star-k2,13,inf,false,5,1,15 22 29 36 43
7,star-k3,19,0,true,0,0,
7,star-k3,19,1,true,0,0,
7,star-k3,19,2,true,0,0,
7,star-k3,19,3,false,4,1,7 19 29 46
7,star-k3,19,4,false,4,1,7 25 34 36
7,star-k3,19,5,false,4,1,7 17 27 43
7,star-k3,19,6,false,4,1,7 20 38 44
7,star-k3,19,inf,false,4,1,22 29 36 43
7,star-k6,37,0,true,0,0,
7,star-k6,37,1,true,0,0,
7,star-k6,37,2,true,0,0,
7,star-k6,37,3,true,0,0,
7,star-k6,37,4,true,0,0,
7,star-k6,37,5,true,0,0,
7,star-k6,37,6,false,1,1,7
7,star-k6,37,inf,false,1,1,43
7,pencil-minus-one,43,0,true,0,0,
7,pencil-minus-one,43,1,true,0,0,
7,pencil-minus-one,43,2,true,0,0,
7,pencil-minus-one,43,3,true,0,0,
7,pencil-minus-one,43,4,true,0,0,
7,pencil-minus-one,43,5,true,0,0,
7,pencil-minus-one,43,6,true,0,0,
7,pencil-minus-one,43,inf,true,0,1,
7,whole-plane,49,0,true,0,0,
7,whole-plane,49,1,true,0,0,
7,whole-plane,49,2,true,0,0,
7,whole-plane,49,3,true,0,0,
7,whole-plane,49,4,true,0,0,
7,whole-plane,49,5,true,0,0,
7,whole-plane,49,6,true,0,0,
7,whole-plane,49,inf,true,0,0,
7,greedy-cover,31,0,true,0,0,
7,greedy-cover,31,1,true,0,0,
7,greedy-cover,31,2,true,0,1,
7,greedy-cover,31,3,true,0,1,
7,greedy-cover,31,4,true,0,4,
7,greedy-cover,31,5,true,0,1,
7,greedy-cover,31,6,true,0,4,
7,greedy-cover,31,inf,true,0,5,
7,random-third,16,0,false,3,4,31 33 34
7,random-third,16,1,false,4,2,14 22 38 46
7,random-third,16,2,false,2,4,24 39
7,random-third,16,3,false,2,6,10 15
7,random-third,16,4,false,3,4,8 17 46
7,random-third,16,5,false,3,6,3 16 39
7,random-third,16,6,false,3,0,0 19 31
7,random-third,16,inf,false,3,2,16 23 44
7,random-half,24,0,true,0,4,
7,random-half,24,1,false,2,2,13 22
7,random-half,24,2,false,2,1,18 22
7,random-half,24,3,false,2,2,9 36
7,random-half,24,4,false,3,1,16 25 36
7,random-half,24,5,false,2,2,1 47
7,random-half,24,6,false,2,5,17 23
7,random-half,24,inf,false,1,3,17
11,empty,0,0,false,11,0,0 1 2 3 4 5 6 7 8 9 10
11,empty,0,1,false,11,0,0 12 24 36 48 60 72 84 96 108 120
11,empty,0,2,false,11,0,0 17 23 40 46 63 69 86 92 109 115
11,empty,0,3,false,11,0,0 15 30 34 49 64 68 83 98 102 117
11,empty,0,4,false,11,0,0 14 28 42 45 59 73 87 90 104 118
11,empty,0,5,false,11,0,0 20 29 38 47 56 76 85 94 103 112
11,empty,0,6,false,11,0,0 13 26 39 52 65 67 80 93 106 119
11,empty,0,7,false,11,0,0 19 27 35 54 62 70 78 97 105 113
11,empty,0,8,false,11,0,0 18 25 43 50 57 75 82 89 107 114
11,empty,0,9,false,11,0,0 16 32 37 53 58 74 79 95 100 116
11,empty,0,10,false,11,0,0 21 31 41 51 61 71 81 91 101 111
11,empty,0,inf,false,11,0,0 11 22 33 44 55 66 77 88 99 110
11,single-line,11,0,true,0,0,
11,single-line,11,1,false,10,0,12 24 36 48 60 72 84 96 108 120
11,single-line,11,2,false,10,0,17 23 40 46 63 69 86 92 109 115
11,single-line,11,3,false,10,0,15 30 34 49 64 68 83 98 102 117
11,single-line,11,4,false,10,0,14 28 42 45 59 73 87 90 104 118
11,single-line,11,5,false,10,0,20 29 38 47 56 76 85 94 103 112
11,single-line,11,6,false,10,0,13 26 39 52 65 67 80 93 106 119
11,single-line,11,7,false,10,0,19 27 35 54 62 70 78 97 105 113
11,single-line,11,8,false,10,0,18 25 43 50 57 75 82 89 107 114
11,single-line,11,9,false,10,0,16 32 37 53 58 74 79 95 100 116
11,single-line,11,10,false,10,0,21 31 41 51 61 71 81 91 101 111
11,single-line,11,inf,false,10,0,11 22 33 44 55 66 77 88 99 110
11,line-plus-1,12,0,true,0,0,
11,line-plus-1,12,1,false,9,1,23 35 47 59 71 83 95 107 119
11,line-plus-1,12,2,false,9,1,28 34 51 57 74 80 97 103 120
11,line-plus-1,12,3,false,9,1,26 41 45 60 75 79 94 109 113
11,line-plus-1,12,4,false,9,1,25 39 53 56 70 84 98 101 115
11,line-plus-1,12,5,false,9,1,31 40 49 58 67 87 96 105 114
11,line-plus-1,12,6,false,9,1,24 37 50 63 76 78 91 104 117
11,line-plus-1,12,7,false,9,1,30 38 46 65 73 81 89 108 116
11,line-plus-1,12,8,false,9,1,29 36 54 61 68 86 93 100 118
11,line-plus-1,12,9,false,9,1,27 43 48 64 69 85 90 106 111
11,line-plus-1,12,10,false,9,1,32 42 52 62 72 82 92 102 112
11,line-plus-1,12,inf,false,9,0,22 33 44 55 66 77 88 99 110
11,line-plus-safe,20,0,true,0,0,
11,line-plus-safe,20,1,false,9,0,24 36 48 60 72 84 96 108 120
11,line-plus-safe,20,2,false,9,0,23 40 46 63 69 86 92 109 115
11,line-plus-safe,20,3,false,9,0,30 34 49 64 68 83 98 102 117
11,line-plus-safe,20,4,false,9,0,28 42 45 59 73 87 90 104 118
11,line-plus-safe,20,5,false,9,1,31 40 49 58 67 87 96 105 114
11,line-plus-safe,20,6,false,9,0,26 39 52 65 67 80 93 106 119
11,line-plus-safe,20,7,false,9,0,27 35 54 62 70 78 97 105 113
11,line-plus-safe,20,8,false,9,0,25 43 50 57 75 82 89 107 114
11,line-plus-safe,20,9,false,9,0,32 37 53 58 74 79 95 100 116
11,line-plus-safe,20,10,false,9,1,32 42 52 62 72 82 92 102 112
11,line-plus-safe,20,inf,false,9,0,22 33 44 55 66 77 88 99 110
11,threshold-cross,21,0,true,0,0,
11,threshold-cross,21,1,true,0,1,
11,threshold-cross,21,2,false,9,0,17 40 46 63 69 86 92 109 115
11,threshold-cross,21,3,false,9,0,15 30 34 49 64 68 98 102 117
11,threshold-cross,21,4,false,9,0,14 28 42 45 73 87 90 104 118
11,threshold-cross,21,5,false,9,0,20 29 38 56 76 85 94 103 112
11,threshold-cross,21,6,false,9,0,13 26 39 52 65 67 80 93 106
11,threshold-cross,21,7,false,9,0,19 27 54 62 70 78 97 105 113
11,threshold-cross,21,8,false,9,0,18 25 43 50 57 75 82 89 114
11,threshold-cross,21,9,false,9,0,16 32 37 53 58 74 79 100 116
11,threshold-cross,21,10,false,9,0,21 31 41 51 61 81 91 101 111
11,threshold-cross,21,inf,false,9,0,22 33 44 55 66 77 88 99 110
11,star-k2,21,0,true,0,0,
11,star-k2,21,1,true,0,0,
11,star-k2,21,2,false,9,1,11 28 34 51 57 74 80 97 103
11,star-k2,21,3,false,9,1,11 26 41 45 75 79 94 109 113
11,star-k2,21,4,false,9,1,11 25 39 53 56 70 98 101 115
11,star-k2,21,5,false,9,1,11 31 40 49 58 67 87 105 114
11,star-k2,21,6,false,9,1,11 37 50 63 76 78 91 104 117
11,star-k2,21,7,false,9,1,11 30 38 46 65 73 81 89 116
11,star-k2,21,8,false,9,1,11 29 54 61 68 86 93 100 118
11,star-k2,21,9,false,9,1,11 27 43 64 69 85 90 106 111
11,star-k2,21,10,false,9,1,11 32 42 52 62 82 92 102 112
11,star-k2,21,inf,false,9,1,23 34 45 56 67 78 89 100 111
11,star-k3,31,0,true,0,0,
11,star-k3,31,1,true,0,0,
11,star-k3,31,2,true,0,0,
11,star-k3,31,3,false,8,1,11 26 41 45 75 79 94 113
11,star-k3,31,4,false,8,1,11 25 39 53 56 70 98 101
11,star-k3,31,5,false,8,1,11 31 49 58 67 87 105 114
11,star-k3,31,6,false,8,1,11 37 50 76 78 91 104 117
11,star-k3,31,7,false,8,1,11 30 38 65 73 81 89 116
11,star-k3,31,8,false,8,1,11 29 54 61 68 93 100 118
11,star-k3,31,9,false,8,1,11 27 43 64 85 90 106 111
11,star-k3,31,10,false,8,1,11 32 42 52 62 82 102 112
11,star-k3,31,inf,false,8,1,34 45 56 67 78 89 100 111
11,star-k10,101,0,true,0,0,
11,star-k10,101,1,true,0,0,
11,star-k10,101,2,true,0,0,
11,star-k10,101,3,true,0,0,
11,star-k10,101,4,true,0,0,
11,star-k10,101,5,true,0,0,
11,star-k10,101,6,true,0,0,
11,star-k10,101,7,true,0,0,
11,star-k10,101,8,true,0,0,
11,star-k10,101,9,true,0,0,
11,star-k10,101,10,false,1,1,11
11,star-k10,101,inf,false,1,1,111
11,pencil-minus-one,111,0,true,0,0,
11,pencil-minus-one,111,1,true,0,0,
11,pencil-minus-one,111,2,true,0,0,
11,pencil-minus-one,111,3,true,0,0,
11,pencil-minus-one,111,4,true,0,0,
11,pencil-minus-one,111,5,true,0,0,
11,pencil-minus-one,111,6,true,0,0,
11,pencil-minus-one,111,7,true,0,0,
11,pencil-minus-one,111,8,true,0,0,
11,pencil-minus-one,111,9,true,0,0,
11,pencil-minus-one,111,10,true,0,0,
11,pencil-minus-one,111,inf,true,0,1,
11,whole-plane,121,0,true,0,0,
11,whole-plane,121,1,true,0,0,
11,whole-plane,121,2,true,0,0,
11,whole-plane,121,3,true,0,0,
11,whole-plane,121,4,true,0,0,
11,whole-plane,121,5,true,0,0,
11,whole-plane,121,6,true,0,0,
11,whole-plane,121,7,true,0,0,
11,whole-plane,121,8,true,0,0,
11,whole-plane,121,9,true,0,0,
11,whole-plane,121,10,true,0,0,
11,whole-plane,121,inf,true,0,0,
11,greedy-cover,77,0,true,0,0,
11,greedy-cover,77,1,true,0,0,
11,greedy-cover,77,2,true,0,1,
11,greedy-cover,77,3,true,0,1,
11,greedy-cover,77,4,true,0,4,
11,greedy-cover,77,5,true,0,3,
11,greedy-cover,77,6,true,0,9,
11,greedy-cover,77,7,true,0,4,
11,greedy-cover,77,8,true,0,0,
11,greedy-cover,77,9,true,0,3,
11,greedy-cover,77,10,true,0,2,
11,greedy-cover,77,inf,true,0,7,
11,random-third,40,0,false,5,5,55 56 60 62 65
11,random-third,40,1,false,6,3,8 20 69 93 105 117
11,random-third,40,2,false,5,1,11 28 51 80 120
11,random-third,40,3,false,5,3,10 48 82 101 116
11,random-third,40,4,false,5,2,22 50 95 109 112
11,random-third,40,5,false,5,9,7 16 25 54 90
11,random-third,40,6,false,6,3,18 31 46 98 100 113
11,random-third,40,7,false,6,4,20 28 44 71 98 114
11,random-third,40,8,false,5,3,26 51 90 108 115
11,random-third,40,9,false,5,6,3 24 40 82 98
11,random-third,40,10,false,5,5,25 35 55 96 116
11,random-third,40,inf,false,5,1,23 56 89 100 111
11,random-half,60,0,false,3,5,61 62 64
11,random-half,60,1,false,3,2,9 106 118
11,random-half,60,2,false,3,1,11 51 97
11,random-half,60,3,false,3,2,3 18 90
11,random-half,60,4,false,2,5,38 97
11,random-half,60,5,false,3,0,38 85 112
11,random-half,60,6,false,3,9,45 97 112
11,random-half,60,7,false,4,3,9 25 95 111
11,random-half,60,8,false,4,6,27 66 109 116
11,random-half,60,9,false,2,0,95 116
11,random-half,60,10,false,2,10,40 90
11,random-half,60,inf,false,3,10,54 98 109
