bin_key,n,no_op_count,damp_low_band_count,majority_action,minority_fraction,evaluated,fiber_incompatible
-11;30;-13;146;-32;2;-31;-11;164;6;0;-3;20;99;-17;11;-12;20;31;101;-1;41;-4;0;3;1;17;9;3;-2;-2;1;1;-1;-1;-3;0;-3;0;0;24;2;-2;2;0;-2;2;-1;-1;-1;0;2;0;3;2;-1;0;-1;0;2;2;4;0;-1;0;12;4;3;3;1;1;-1,1,1,0,no_op,0.0,False,False
-13;-22;-23;118;-3;31;-4;15;174;4;9;-4;21;75;-14;-7;-8;-10;29;75;-6;30;-3;13;-1;0;13;3;0;0;-2;0;1;7;2;2;1;1;-3;-4;23;-1;-3;-1;1;2;2;0;0;-1;1;2;1;2;1;-1;0;-1;0;2;1;3;-1;-2;0;11;3;2;3;0;1;1,1,1,0,no_op,0.0,False,False
-13;-24;-21;117;-7;30;0;19;173;5;10;-2;20;73;-14;-8;-9;-11;30;73;-6;29;-2;14;-1;0;15;3;1;-1;-1;-1;1;6;2;3;1;1;-2;-4;23;-1;-3;-1;1;2;2;0;0;-1;0;2;1;2;1;-1;1;0;0;2;1;3;0;-1;0;10;3;2;3;0;0;1,1,1,0,no_op,0.0,False,False
-13;-53;-3;103;1;34;1;8;175;5;23;9;21;71;-11;-1;-2;-1;30;71;-2;32;1;14;0;0;20;9;-2;1;-1;2;4;4;2;3;-1;4;2;-1;22;-1;-3;-1;-1;1;2;0;0;-1;0;4;1;3;1;-1;1;0;1;2;2;4;0;0;0;11;2;2;3;1;0;-1,1,1,0,no_op,0.0,False,False
-13;46;-13;150;15;-15;4;2;181;-4;23;3;17;89;-8;-8;1;12;32;90;-2;36;-1;6;-1;0;25;2;-2;-2;1;-5;-1;-4;2;-2;0;-3;0;2;23;1;-3;2;0;-2;1;-2;-1;0;2;2;1;2;1;-1;0;0;1;1;2;3;0;0;0;11;2;4;3;0;0;-1,1,1,0,no_op,0.0,False,False
-15;-22;-23;119;0;32;-8;12;173;3;9;-5;23;76;-13;-6;-7;-7;28;77;-6;32;-4;13;0;0;12;4;0;1;-2;1;-1;8;1;2;1;2;-2;-4;23;-1;-3;-1;1;2;2;0;0;-1;1;2;1;2;0;-2;0;-1;0;2;1;3;-1;-2;0;11;3;2;3;0;1;1,1,1,0,no_op,0.0,False,False
-16;-27;-17;117;-10;30;3;22;171;6;10;0;19;71;-13;-8;-9;-12;30;71;-5;28;0;13;0;-1;16;3;1;-1;-1;-1;1;4;2;3;1;2;-1;-3;22;-1;-3;-1;1;2;1;0;0;-1;0;2;1;2;2;-1;1;0;0;2;1;3;0;-1;0;11;3;2;3;0;0;1,1,1,0,no_op,0.0,False,False
-17;-13;-18;121;-21;3;-50;6;163;-1;-7;-2;15;76;-23;-9;-2;-2;30;76;-2;33;-12;14;1;0;14;3;4;1;-2;-1;-5;5;-1;1;2;2;1;1;27;-4;-2;0;1;1;2;0;-1;-1;0;2;-1;2;2;0;1;-1;1;1;1;2;0;0;-1;13;3;3;2;0;1;0,1,0,1,damp_low_band,0.0,False,False
-17;-14;-20;121;-18;6;-49;5;165;-1;-5;0;16;77;-21;-8;-3;-3;27;76;-2;33;-11;14;0;0;12;3;4;1;-3;-1;-6;5;0;0;2;2;1;0;27;-5;-3;0;1;1;2;0;-1;-1;0;2;0;2;2;0;1;-2;1;2;1;2;1;0;-1;13;3;3;2;0;1;0,1,0,1,damp_low_band,0.0,False,False
-17;-52;-1;104;-2;34;1;12;174;5;20;10;21;69;-12;-3;0;-2;29;70;-1;32;2;14;0;0;18;8;-1;1;-1;1;4;2;3;2;-1;4;1;-1;22;0;-3;0;-1;1;2;0;0;-1;0;3;1;2;1;-1;1;0;0;2;2;3;0;0;0;11;2;2;4;1;0;0,1,1,0,no_op,0.0,False,False
-17;33;-8;147;-32;3;-34;-12;164;6;-2;1;20;100;-17;10;-11;21;31;103;1;40;-2;1;4;2;17;8;3;-2;0;1;1;-1;-1;-3;0;-3;1;0;23;1;-3;1;0;-1;2;0;-1;0;0;2;0;3;2;-1;1;-1;0;2;2;4;0;-1;0;12;3;4;3;1;0;0,1,1,0,no_op,0.0,False,False
-18;-24;-22;120;2;33;-12;11;171;4;8;-6;23;75;-13;-4;-5;-6;28;78;-5;33;-4;12;0;0;12;6;0;0;-2;3;-2;7;1;2;1;2;-2;-3;23;-1;-3;-1;1;2;1;0;0;-1;0;2;1;2;0;-1;0;-1;0;2;1;3;-1;-1;0;11;3;2;3;0;1;1,1,1,0,no_op,0.0,False,False
-18;-33;-12;116;-12;30;4;24;169;6;10;2;19;68;-13;-8;-7;-12;30;70;-3;29;2;13;0;-2;16;4;2;-1;0;-1;1;3;2;3;1;3;0;-2;22;0;-3;0;0;2;1;0;0;-1;0;2;0;3;2;-1;1;0;0;2;1;3;0;0;0;11;3;2;3;0;0;1,1,1,0,no_op,0.0,False,False
-18;46;-10;151;13;-15;1;-2;181;-2;23;0;17;91;-11;-7;3;11;31;92;-1;37;-1;4;-1;1;23;1;-1;-2;1;-3;1;-4;2;-2;0;-3;0;2;23;0;-3;1;0;-2;1;-1;-1;0;1;2;1;2;0;-1;0;0;1;1;2;3;0;0;0;11;2;4;4;0;0;-1,1,1,0,no_op,0.0,False,False
-19;-12;-14;121;-25;2;-51;8;161;-1;-10;-4;14;76;-23;-9;-2;-2;32;75;-1;34;-11;14;2;0;16;4;4;1;-1;-1;-5;5;-2;1;2;1;1;1;26;-4;-2;0;1;1;2;0;-1;-1;0;2;-1;2;2;0;1;-1;1;1;1;2;0;0;-1;12;3;3;2;0;1;0,1,0,1,damp_low_band,0.0,False,False
-19;-15;-21;122;-15;8;-48;3;166;-1;-2;1;17;78;-20;-7;-2;-3;25;77;-3;33;-10;13;0;0;11;3;4;1;-3;0;-7;6;0;0;3;2;1;0;26;-4;-3;0;1;1;2;0;-1;-1;0;2;0;2;2;0;1;-2;1;2;1;2;1;0;-1;13;3;3;2;0;1;0,1,0,1,damp_low_band,0.0,False,False
-1;41;-11;125;-3;-45;-10;-13;162;1;25;-3;20;87;-9;-2;2;28;36;88;-8;35;-1;9;0;2;18;2;1;1;0;-8;-1;-2;1;-3;1;-4;-1;0;22;0;-1;3;1;-2;0;-2;0;0;0;2;1;2;1;-2;0;-1;-1;2;2;4;0;0;0;11;4;4;4;1;1;0,1,1,0,no_op,0.0,False,False
-1;41;-11;126;-2;-45;-9;-13;162;1;25;-3;20;88;-10;-2;1;28;37;89;-8;35;0;9;0;2;19;2;1;1;0;-8;-1;-2;1;-3;1;-4;-1;0;22;0;-1;3;1;-2;0;-2;0;0;0;2;1;2;1;-1;0;-1;-1;2;2;4;0;0;0;11;4;4;4;1;1;0,1,1,0,no_op,0.0,False,False
-1;44;-9;133;0;-45;-5;-14;163;0;27;-1;20;89;-9;-2;1;27;38;89;-7;36;0;8;0;2;20;3;0;1;0;-7;0;-2;1;-3;1;-5;0;1;22;0;-1;3;1;-3;0;-1;0;0;1;2;1;2;1;-1;0;-1;0;1;2;3;0;0;0;11;4;4;4;1;0;0,1,1,0,no_op,0.0,False,False
-20;-50;0;106;-5;34;1;16;173;5;17;10;21;68;-12;-5;0;-4;28;69;0;32;3;14;1;0;17;7;-1;1;-1;0;3;1;3;2;-1;4;1;0;22;0;-3;0;-1;1;1;-1;0;-1;-1;3;0;2;2;-1;0;0;1;2;2;3;0;0;0;10;2;2;4;1;0;0,1,1,0,no_op,0.0,False,False
-21;-38;-7;114;-12;31;4;24;169;6;11;5;19;67;-13;-8;-5;-10;29;69;-2;30;3;13;1;-2;17;4;2;0;0;-1;1;1;2;2;0;3;0;-1;22;0;-3;0;-1;2;1;-1;0;-1;0;2;0;2;2;-1;1;0;0;2;1;3;0;0;0;11;2;2;3;0;0;0,1,1,0,no_op,0.0,False,False
-22;-26;-20;122;3;32;-15;11;169;5;6;-6;22;75;-13;-2;-3;-5;28;77;-4;34;-4;12;0;0;13;8;0;1;-1;3;-4;6;1;2;2;2;-1;-3;22;-1;-4;-1;1;2;1;0;-1;-1;0;2;0;2;0;-1;0;-1;0;2;1;3;0;-1;0;11;2;2;3;0;1;1,1,1,0,no_op,0.0,False,False
-22;-43;-4;111;-11;33;4;23;170;6;12;8;20;66;-13;-8;-3;-9;28;69;-1;30;4;13;1;-2;17;5;1;1;0;-1;1;1;3;2;-1;4;0;-1;22;-1;-3;0;-1;2;1;-1;0;-1;0;2;0;2;2;-1;1;0;0;2;2;3;0;0;-1;11;2;2;4;0;0;0,1,1,0,no_op,0.0,False,False
-22;-47;-1;109;-8;34;2;20;171;5;14;10;21;67;-13;-7;-1;-7;28;69;0;31;4;14;1;-1;17;6;0;1;0;0;2;0;3;2;-1;4;1;0;22;-1;-3;0;-1;2;1;-1;0;-1;-1;3;0;2;2;-1;0;0;0;2;2;3;0;0;-1;11;2;2;4;1;0;0,1,1,0,no_op,0.0,False,False
-23;-12;-10;122;-26;0;-52;9;159;-1;-13;-6;14;75;-22;-8;-1;-2;33;75;1;34;-10;14;3;0;17;4;4;1;0;-1;-5;4;-2;1;2;1;1;1;25;-3;-3;0;1;0;2;-1;-2;-1;0;2;-1;2;2;0;1;-1;1;2;1;2;0;0;0;12;3;3;2;0;0;-1,1,0,1,damp_low_band,0.0,False,False
-23;-17;-21;123;-15;10;-47;2;165;-2;0;2;17;78;-19;-7;-1;-3;23;77;-3;33;-8;11;0;0;12;4;3;1;-3;0;-8;5;0;0;3;2;1;0;25;-4;-4;0;1;1;2;0;-1;-1;0;2;0;2;2;-1;1;-2;0;1;1;2;1;0;-1;13;3;3;2;0;1;0,1,0,1,damp_low_band,0.0,False,False
-23;45;-8;152;10;-15;-1;-5;180;-1;21;-3;17;93;-13;-5;6;11;29;92;-1;37;0;3;0;1;22;0;-1;-2;0;-2;2;-3;2;-1;0;-3;0;2;23;0;-3;1;0;-2;2;-1;-1;0;1;1;1;2;1;0;0;0;1;1;2;3;0;0;0;11;2;4;4;0;0;-1,1,1,0,no_op,0.0,False,False
-24;-18;-19;160;-7;28;-41;1;164;1;-2;-2;17;84;-21;6;5;-6;28;85;-3;42;-7;1;0;0;17;15;2;0;0;4;-8;0;0;2;4;0;0;0;24;1;-2;-3;2;-1;0;2;-1;-1;0;2;0;2;1;-1;2;-1;0;2;0;3;0;-1;0;12;3;3;2;0;1;-1,1,0,1,damp_low_band,0.0,False,False
-24;-19;-19;158;-9;26;-40;2;164;1;-2;-2;16;82;-21;6;4;-8;29;83;-4;41;-8;2;0;0;17;14;3;0;0;3;-8;1;0;2;3;0;0;0;24;1;-2;-3;2;0;0;2;-1;-1;0;2;0;2;1;-1;1;-1;0;1;0;3;0;-1;0;12;3;3;2;0;1;-1,1,0,1,damp_low_band,0.0,False,False
-24;-21;-18;156;-12;25;-39;4;164;1;-2;-2;16;81;-22;6;4;-10;31;81;-4;40;-7;3;1;0;17;13;3;0;-1;3;-7;2;-1;2;3;0;0;0;24;1;-2;-3;2;0;1;2;-1;-1;0;2;0;2;2;-1;1;-1;0;1;0;3;0;-1;0;12;3;3;2;0;1;-1,1,0,1,damp_low_band,0.0,False,False
-24;34;-3;149;-30;4;-37;-12;165;6;-4;4;20;101;-16;8;-10;22;30;104;2;39;-2;2;4;2;17;7;2;-3;1;1;0;-2;0;-2;0;-3;1;0;23;0;-4;0;0;-1;2;0;-1;0;0;2;0;4;2;-1;0;-1;0;2;2;4;0;-1;0;12;3;4;3;1;0;0,1,1,0,no_op,0.0,False,False
-25;-17;-18;162;-5;29;-41;0;164;2;-3;-2;18;85;-20;7;5;-4;27;86;-3;43;-7;1;0;0;19;15;2;0;1;4;-9;-1;0;2;4;0;0;0;24;1;-2;-3;2;-1;0;2;-1;-1;-1;2;0;3;1;0;2;-1;0;2;0;3;0;-1;0;12;3;3;2;0;1;-1,1,0,1,damp_low_band,0.0,False,False
-25;-20;-20;124;-15;12;-45;2;164;-2;0;2;17;78;-19;-6;1;-4;24;77;-4;33;-7;11;0;0;13;6;3;1;-2;1;-9;5;0;0;3;3;1;0;24;-3;-4;-1;1;1;2;0;-1;-1;1;2;0;2;2;-1;1;-2;0;1;1;2;1;0;0;12;3;3;2;-1;1;0,1,0,1,damp_low_band,0.0,False,False
-25;19;-18;138;2;-8;-9;-10;178;0;0;7;18;90;-16;-1;-1;21;29;92;-3;38;-4;5;-1;1;16;2;1;0;-1;0;-3;-4;1;-1;1;-1;-2;2;23;0;-3;1;2;-2;2;-1;-1;0;0;2;1;2;1;0;0;0;1;1;1;3;-1;0;0;11;3;4;2;1;1;-2,1,1,0,no_op,0.0,False,False
-26;-24;-17;153;-13;24;-39;5;163;0;-2;-2;15;79;-22;5;4;-11;31;79;-3;39;-7;4;1;0;17;13;3;0;0;2;-6;2;-1;2;3;1;0;0;24;0;-2;-3;2;0;1;2;-1;-1;0;2;0;2;2;-1;1;-1;0;1;0;3;0;-1;0;12;3;3;2;0;1;-1,1,0,1,damp_low_band,0.0,False,False
-26;-27;-18;125;2;31;-17;12;168;6;5;-6;20;74;-14;-1;-2;-6;28;76;-4;34;-5;11;0;0;15;9;0;1;0;2;-4;5;1;2;2;2;-1;-3;22;-1;-4;-1;1;2;1;0;-1;-1;0;2;0;2;0;-1;0;0;0;2;1;3;0;-1;0;11;2;2;3;0;0;1,1,1,0,no_op,0.0,False,False
-26;17;-18;136;4;-6;-13;-7;176;2;0;8;19;90;-16;-2;0;20;28;90;-3;38;-5;6;-1;1;16;1;1;-1;-1;0;-5;-3;1;0;2;-1;-2;2;24;0;-3;1;2;-2;2;-1;-1;0;0;3;1;2;1;0;0;0;1;1;1;3;0;0;0;11;2;4;2;1;1;-2,1,1,0,no_op,0.0,False,False
-26;22;-17;139;-1;-9;-6;-13;178;-2;1;6;17;90;-17;0;0;23;30;93;-4;39;-3;5;-1;1;17;3;1;0;-1;0;-2;-3;2;-1;2;-1;-2;2;23;0;-3;1;2;-2;1;-1;-1;0;0;2;1;2;1;0;0;0;1;1;1;3;0;0;1;11;3;4;2;1;1;-2,1,1,0,no_op,0.0,False,False
-26;44;-6;152;7;-15;-2;-9;179;-1;17;-5;16;95;-15;-3;7;13;28;92;0;38;1;2;0;1;20;0;0;-2;0;0;2;-1;2;-1;0;-3;0;1;23;0;-3;0;0;-2;2;0;-1;0;0;1;1;2;1;0;0;0;1;1;2;3;0;0;0;11;2;4;3;1;0;-1,1,1,0,no_op,0.0,False,False
-27;-11;-5;122;-27;0;-54;9;157;-1;-15;-7;13;75;-20;-7;0;-1;33;75;2;34;-8;13;4;0;19;5;4;1;0;-1;-4;4;-2;1;2;1;1;1;24;-2;-4;1;1;0;2;-1;-2;-1;0;2;-1;2;2;0;1;-1;1;2;1;2;0;0;0;12;3;3;2;0;0;-1,1,0,1,damp_low_band,0.0,False,False
-27;-16;-16;164;-3;30;-42;0;163;3;-3;-2;18;86;-19;8;5;-2;27;88;-2;43;-6;1;0;0;20;14;2;-1;1;3;-9;-2;0;2;4;-1;0;0;23;1;-2;-3;2;-1;0;2;-1;-1;-1;2;0;3;1;0;2;0;0;2;0;3;0;-1;-1;12;3;3;2;1;1;-1,1,0,1,damp_low_band,0.0,False,False
-27;-22;-19;126;-15;14;-43;2;164;-3;-1;1;16;77;-20;-6;2;-5;25;77;-4;34;-6;10;0;0;14;7;3;1;-1;1;-8;5;0;0;3;3;1;0;23;-3;-4;-1;1;1;2;0;-1;-1;1;2;0;2;2;-1;1;-2;0;1;1;2;0;0;0;12;3;3;2;-1;1;0,1,0,1,damp_low_band,0.0,False,False
-27;1;-13;122;-15;0;-50;5;163;1;-12;-4;13;81;-23;-5;4;7;29;82;0;34;-10;12;1;1;18;3;4;1;-1;-1;-9;4;-1;0;3;1;1;0;25;-1;-4;1;1;0;2;-1;-1;0;0;2;-1;2;2;0;2;-1;1;2;0;3;0;0;-1;11;3;3;2;0;1;0,1,0,1,damp_low_band,0.0,False,False
-27;25;-14;141;-3;-10;-4;-15;177;-4;2;4;15;92;-16;1;1;23;31;93;-3;40;-1;5;-1;2;17;4;1;1;0;1;-1;-2;2;-1;2;-2;-1;2;22;0;-3;1;1;-2;1;0;-1;0;0;2;1;2;1;0;0;-1;0;1;1;3;0;0;0;11;3;4;3;1;1;-2,1,1,0,no_op,0.0,False,False
-27;2;-12;123;-17;0;-51;5;162;1;-13;-4;12;82;-23;-5;4;7;30;82;0;34;-10;12;1;1;18;4;4;1;-1;-1;-8;3;-1;0;3;0;1;0;25;-1;-4;1;1;0;2;-1;-1;0;0;2;-1;2;2;0;2;-1;1;2;0;3;0;0;-1;11;3;3;2;0;0;0,1,0,1,damp_low_band,0.0,False,False
-28;-12;-13;170;-1;31;-42;2;163;5;-5;0;17;88;-18;11;6;0;27;90;-1;45;-6;0;0;0;22;13;2;-1;1;3;-8;-3;-1;2;3;-2;0;1;23;1;-2;-3;2;-2;0;2;-1;-1;-1;2;0;3;1;0;2;0;0;2;1;4;0;-1;-1;12;3;3;2;1;1;-1,1,0,1,damp_low_band,0.0,False,False
-28;-14;-15;167;-2;31;-42;1;163;4;-4;-1;17;87;-18;10;6;-1;27;89;-1;44;-6;0;0;0;21;14;2;-1;1;3;-8;-3;-1;2;4;-1;0;1;23;1;-2;-3;2;-1;0;2;-1;-1;-1;2;0;3;1;0;2;0;0;2;0;4;0;-1;-1;12;3;3;2;1;1;-1,1,0,1,damp_low_band,0.0,False,False
-28;-24;-19;128;-15;16;-40;2;164;-2;-3;1;16;76;-22;-5;3;-6;27;77;-4;35;-6;10;0;0;15;9;2;0;-1;1;-7;4;0;0;3;3;1;0;23;-3;-4;-1;1;1;2;0;-1;-1;0;1;0;2;2;-1;1;-2;0;1;1;2;0;0;0;12;3;3;2;-1;1;0,1,0,1,damp_low_band,0.0,False,False
-28;-27;-15;151;-14;24;-38;6;162;0;-3;-2;15;77;-21;5;4;-12;31;77;-3;39;-6;4;1;-1;17;12;2;0;0;1;-5;2;0;2;3;1;1;0;23;0;-3;-3;2;0;1;2;-1;-1;0;2;0;2;2;-1;0;-1;0;1;1;3;0;-1;0;12;3;3;2;0;1;0,1,0,1,damp_low_band,0.0,False,False
-28;1;-14;122;-13;0;-50;5;163;1;-11;-3;13;81;-23;-5;4;6;27;82;-1;34;-10;12;0;0;17;3;3;1;-1;-1;-10;4;0;0;3;1;1;0;25;-1;-4;1;2;0;2;-1;-1;0;0;2;-1;2;2;0;2;-1;1;2;0;3;0;0;-1;11;3;3;2;0;1;0,1,0,1,damp_low_band,0.0,False,False
-28;2;-10;123;-19;0;-51;5;161;1;-15;-4;12;82;-22;-5;4;7;31;82;0;34;-10;12;1;1;19;4;4;1;-1;-1;-8;3;-1;0;3;0;1;0;25;-1;-4;1;1;0;2;-1;-1;0;0;2;-1;2;2;0;2;-1;1;2;0;3;0;0;-1;11;3;3;2;0;0;0,1,0,1,damp_low_band,0.0,False,False
-29;-26;-19;130;-14;17;-39;3;165;-1;-5;1;16;75;-22;-4;3;-8;28;76;-3;35;-6;9;0;0;16;10;2;0;-2;1;-7;4;0;0;3;3;1;0;23;-2;-4;-1;1;1;2;0;-1;-1;0;1;0;2;2;-1;1;-1;0;2;1;2;0;0;1;12;3;3;2;-1;1;0,1,0,1,damp_low_band,0.0,False,False
-29;-27;-19;132;-13;19;-38;3;166;-1;-6;0;16;75;-22;-3;2;-10;28;76;-3;36;-6;8;0;0;16;11;2;0;-1;0;-6;4;0;0;3;2;0;0;23;-2;-4;-1;2;1;2;0;-1;-1;0;1;0;2;2;-1;1;-1;0;2;1;2;0;0;1;12;3;3;2;-1;1;0,1,0,1,damp_low_band,0.0,False,False
-29;-2;-10;178;4;28;-42;2;167;8;-10;2;18;92;-15;14;6;5;27;94;2;45;-4;-2;0;0;24;11;2;-1;1;3;-8;-5;-1;3;2;-3;0;1;22;2;-2;-3;1;-2;-1;2;-1;0;-1;3;0;3;2;0;1;1;0;2;1;4;0;-1;0;12;3;3;3;1;0;-1,1,0,1,damp_low_band,0.0,False,False
-29;-6;-11;175;2;29;-42;2;165;7;-8;1;18;91;-16;14;7;3;27;93;1;45;-5;-1;0;0;23;12;2;-1;1;3;-8;-5;-1;3;2;-3;0;1;22;2;-2;-3;1;-2;-1;2;-1;0;-1;3;0;3;2;0;1;1;0;2;1;4;0;-1;-1;12;3;3;2;1;0;-1,1,0,1,damp_low_band,0.0,False,False
-29;-9;-12;173;0;30;-42;2;164;6;-7;1;17;89;-17;13;7;2;28;92;0;45;-5;-1;0;0;23;13;2;-1;1;3;-8;-4;-1;2;3;-2;0;1;22;1;-2;-3;1;-2;0;2;-1;0;-1;2;0;3;2;0;1;0;0;2;1;4;0;-1;-1;12;4;3;2;1;0;-1,1,0,1,damp_low_band,0.0,False,False
-29;17;-17;136;5;-5;-16;-5;174;2;-1;7;18;90;-15;-3;1;18;27;89;-2;37;-5;7;-1;1;17;0;1;-1;0;0;-6;-2;1;0;2;-1;-2;2;23;0;-3;1;2;-2;2;-1;-1;0;0;3;1;2;1;-1;0;1;1;1;1;4;0;0;0;11;2;4;2;1;1;-1,1,1,0,no_op,0.0,False,False
-29;1;-14;122;-11;-1;-49;5;163;1;-10;-3;13;81;-23;-5;4;6;26;82;-1;34;-9;12;0;0;18;3;3;1;0;-1;-10;4;0;0;3;1;1;0;24;-1;-4;1;2;0;2;-1;-1;0;0;2;0;2;2;0;3;-1;1;2;0;3;0;0;-1;11;3;3;2;0;1;0,1,0,1,damp_low_band,0.0,False,False
-29;30;-11;143;-3;-11;-2;-17;176;-4;3;1;15;95;-16;1;3;23;31;93;-2;40;1;5;0;3;17;4;2;0;0;1;-1;-1;2;-1;2;-2;-1;2;21;0;-3;1;1;-2;1;0;0;0;1;2;1;2;2;0;0;-1;0;1;1;3;0;0;0;11;2;4;3;1;1;-2,1,1,0,no_op,0.0,False,False
-29;33;0;152;-28;4;-40;-10;166;6;-7;7;19;101;-15;7;-8;22;30;103;3;39;-1;3;3;2;17;6;2;-3;2;1;0;-2;1;-1;0;-3;1;0;22;0;-5;-1;0;-1;2;1;-1;0;1;2;0;4;2;-1;0;-1;0;2;2;4;0;-1;0;12;2;4;3;1;0;0,1,1,0,no_op,0.0,False,False
-29;41;-6;150;4;-15;-2;-13;177;-1;13;-5;16;96;-15;-1;8;16;28;92;0;39;2;2;0;2;18;1;1;-2;0;0;1;0;2;-1;1;-3;0;1;23;1;-3;0;0;-2;2;0;-1;0;0;2;1;2;1;0;0;0;1;1;2;3;0;0;0;12;2;4;3;1;0;-1,1,1,0,no_op,0.0,False,False
-29;4;-13;127;-14;6;-42;4;167;3;-13;-1;13;84;-19;-3;3;7;29;84;-1;36;-9;11;0;1;20;4;3;0;-2;-1;-8;3;0;1;3;0;0;0;25;-1;-4;1;2;0;2;-1;-1;0;-1;2;0;2;2;0;2;-1;1;2;0;3;0;0;-1;11;3;3;2;0;1;0,1,0,1,damp_low_band,0.0,False,False
-29;4;-14;127;-12;5;-43;4;167;3;-12;-1;13;84;-19;-3;3;7;28;84;-1;35;-8;11;0;1;19;4;3;0;-2;-1;-9;3;0;1;3;0;0;0;25;-1;-4;1;2;0;2;-1;-1;0;-1;2;0;2;2;0;2;-1;1;2;0;3;0;0;-1;11;3;3;2;0;1;0,1,0,1,damp_low_band,0.0,False,False
-29;5;-12;127;-15;6;-42;3;167;3;-14;0;13;84;-18;-3;3;8;29;84;-1;36;-9;11;0;1;20;4;3;0;-2;0;-8;2;0;1;3;0;0;0;25;-1;-4;1;2;0;2;-1;-1;0;-1;2;0;2;2;0;2;-1;1;2;0;3;0;0;-1;11;3;3;2;0;1;0,1,0,1,damp_low_band,0.0,False,False
-2;41;-10;127;-2;-45;-8;-14;162;0;25;-3;20;89;-10;-2;1;28;37;89;-8;35;0;9;0;2;19;2;1;1;0;-7;-1;-2;1;-3;1;-4;-1;0;22;0;-1;3;1;-2;0;-2;0;0;0;2;1;2;1;-1;0;-1;-1;1;2;4;0;0;0;11;4;4;4;1;1;0,1,1,0,no_op,0.0,False,False
-2;42;-10;128;-2;-45;-8;-14;162;0;26;-3;19;89;-10;-2;1;28;37;89;-8;35;0;9;0;2;19;2;1;1;0;-7;-1;-2;1;-3;1;-4;0;1;22;0;-1;3;1;-2;0;-1;0;0;0;2;1;2;1;-1;0;-1;-1;1;2;4;0;0;0;11;4;4;4;1;1;0,1,1,0,no_op,0.0,False,False
-2;42;-10;129;-1;-45;-7;-14;162;0;26;-2;19;89;-10;-2;1;28;37;90;-8;35;0;9;0;2;19;2;1;1;0;-7;-1;-2;1;-3;1;-4;0;1;22;0;-1;3;1;-2;0;-1;0;0;0;2;1;2;1;-1;0;-1;-1;1;2;4;0;0;0;11;4;4;4;1;1;0,1,1,0,no_op,0.0,False,False
-2;43;-9;130;-1;-45;-6;-14;163;0;26;-2;19;89;-10;-2;1;27;37;90;-7;35;0;8;0;2;19;2;0;1;0;-7;0;-2;1;-3;1;-4;0;1;22;0;-1;3;1;-2;0;-1;0;0;0;2;1;2;1;-1;0;-1;-1;1;2;4;0;0;0;11;4;4;4;1;1;0,1,1,0,no_op,0.0,False,False
-2;43;-9;131;-1;-45;-6;-14;163;0;27;-2;20;89;-10;-2;1;27;37;89;-7;36;0;8;0;2;19;2;0;1;0;-7;0;-2;1;-3;1;-5;0;1;22;0;-1;3;1;-2;0;-1;0;0;1;2;1;2;1;-1;0;-1;-1;1;2;4;0;0;0;11;4;4;4;1;1;0,1,1,0,no_op,0.0,False,False
-2;43;-9;132;0;-45;-5;-14;163;0;27;-1;20;89;-9;-2;1;27;37;89;-7;36;0;8;0;2;20;3;0;1;0;-7;0;-2;1;-3;1;-5;0;1;22;0;-1;3;1;-2;0;-1;0;0;1;2;1;2;1;-1;0;-1;0;1;2;4;0;0;0;11;4;4;4;1;1;0,1,1,0,no_op,0.0,False,False
-30;-27;-17;127;1;29;-19;13;168;5;5;-6;18;74;-16;1;-1;-8;29;76;-3;35;-5;10;0;-1;16;10;0;1;0;1;-4;5;1;2;2;2;-1;-3;22;-1;-4;-1;1;2;2;0;-1;-1;0;2;0;2;1;-1;0;-1;0;2;1;3;0;-1;0;11;2;2;3;-1;1;1,1,1,0,no_op,0.0,False,False
-30;-28;-19;134;-11;20;-38;3;167;0;-6;0;16;75;-21;-1;2;-11;28;75;-3;36;-6;8;0;0;16;11;2;1;-1;0;-6;4;0;0;3;2;0;0;23;-2;-4;-2;2;1;2;1;-1;-1;0;1;0;2;2;-1;0;-1;0;2;1;2;0;0;1;12;3;3;2;-1;1;0,1,0,1,damp_low_band,0.0,False,False
-30;-29;-14;148;-14;23;-38;6;162;0;-3;-3;15;76;-21;5;3;-12;31;76;-2;38;-5;5;1;-1;17;12;2;0;0;1;-4;2;0;1;3;1;1;0;23;0;-3;-2;2;0;1;2;-1;-1;0;2;0;2;2;-1;0;-1;0;2;1;3;0;-1;0;12;3;3;2;0;1;0,1,0,1,damp_low_band,0.0,False,False
-30;34;-9;145;-2;-13;-1;-17;176;-4;5;-1;15;96;-16;1;5;21;30;92;-1;40;3;4;0;3;17;3;2;0;1;1;0;0;2;-1;1;-3;0;1;22;1;-3;1;0;-2;1;0;0;0;0;2;1;2;2;0;0;-1;1;1;1;3;0;0;0;11;2;4;3;1;0;-1,1,1,0,no_op,0.0,False,False
-30;38;-7;148;1;-14;-1;-15;176;-2;9;-4;15;97;-16;1;7;19;29;92;0;40;3;3;0;2;17;2;1;-1;1;1;0;0;2;-1;1;-3;0;1;22;1;-3;0;0;-2;1;0;0;0;0;2;0;2;2;0;0;-1;1;1;1;4;0;0;0;12;2;4;3;1;0;-1,1,1,0,no_op,0.0,False,False
-30;3;-8;124;-19;0;-52;5;161;1;-16;-4;11;82;-21;-4;4;8;31;83;1;35;-9;11;2;1;20;4;4;0;-1;-1;-7;3;-1;0;3;0;1;0;24;-1;-4;1;1;0;2;-1;-1;0;0;2;-1;2;2;0;2;-1;1;2;0;3;0;0;-1;11;3;3;2;0;0;0,1,0,1,damp_low_band,0.0,False,False
-30;3;-8;180;6;26;-42;3;168;8;-11;3;19;93;-14;15;5;8;27;96;3;45;-4;-2;0;0;24;10;2;-1;1;3;-7;-6;-1;3;1;-3;0;1;21;2;-1;-3;0;-2;-1;2;0;0;-1;3;1;3;2;0;1;1;0;2;1;4;0;-1;0;12;3;3;3;1;0;-1,1,0,1,damp_low_band,0.0,False,False
-30;4;-14;127;-11;5;-43;5;166;2;-12;-2;13;83;-20;-3;4;6;27;84;-1;35;-8;11;0;1;20;4;3;0;-2;-1;-9;3;0;1;3;0;0;0;24;-1;-4;1;2;0;2;-1;-1;0;-1;2;0;2;2;0;2;-1;1;2;0;3;0;0;-1;11;2;3;2;0;1;0,1,0,1,damp_low_band,0.0,False,False
-31;-29;-17;136;-11;21;-38;3;166;0;-6;-1;16;75;-21;0;2;-12;28;75;-2;37;-5;7;0;0;16;12;2;1;-1;0;-6;3;0;1;3;2;0;0;22;-1;-4;-2;2;1;2;1;-1;-1;0;1;0;2;2;-1;0;-1;0;2;1;2;0;0;1;12;3;3;2;-1;1;0,1,0,1,damp_low_band,0.0,False,False
-31;-30;-14;145;-13;23;-38;5;163;0;-3;-3;15;75;-20;4;3;-12;30;75;-2;38;-5;5;1;-1;17;12;2;1;0;1;-4;2;0;1;3;2;1;0;22;-1;-4;-2;2;1;1;1;-1;-1;0;2;0;2;2;-1;0;-1;0;2;1;2;0;-1;0;12;3;2;2;-1;1;0,1,0,1,damp_low_band,0.0,False,False
-31;4;-14;127;-10;5;-43;5;166;2;-12;-2;13;83;-20;-4;4;6;27;84;-1;35;-8;11;0;1;20;4;3;0;-1;-1;-9;4;0;1;3;0;0;0;24;0;-4;1;2;0;2;-1;-1;0;-1;2;0;2;2;0;2;-1;1;2;0;3;0;0;-1;11;2;3;2;0;1;0,1,0,1,damp_low_band,0.0,False,False
-31;5;-11;128;-16;7;-42;2;167;3;-14;0;13;85;-17;-3;4;8;30;85;-1;36;-8;10;0;1;20;4;3;0;-2;0;-7;2;0;1;3;0;0;0;25;-1;-4;1;2;0;2;-1;-1;0;-1;2;0;2;2;0;2;0;1;2;0;3;0;0;-1;11;3;3;2;0;1;-1,1,0,1,damp_low_band,0.0,False,False
-31;7;-6;183;7;24;-41;3;170;9;-12;4;20;94;-12;15;3;10;26;97;4;45;-3;-1;1;0;24;9;2;-1;0;3;-6;-7;-1;3;1;-3;1;1;21;2;-2;-3;0;-2;-1;2;0;0;-1;4;1;3;2;0;1;1;0;2;2;4;0;-1;0;12;3;3;3;1;0;-1,1,1,0,no_op,0.0,False,False
-32;-11;-2;121;-25;-1;-55;8;157;-1;-17;-7;12;75;-19;-6;0;0;32;76;3;35;-7;12;3;0;20;5;4;2;0;-1;-4;4;-1;0;2;1;1;1;23;-1;-5;1;1;0;2;-1;-2;-1;0;2;-1;1;2;0;1;-1;1;2;1;2;0;0;0;12;3;3;2;0;0;-1,1,0,1,damp_low_band,0.0,False,False
-32;-26;-16;130;0;27;-21;14;168;5;3;-7;16;74;-17;2;0;-9;29;75;-3;35;-4;10;0;-1;16;11;1;1;0;0;-4;4;1;2;2;2;-1;-2;22;-1;-4;-1;1;2;2;0;-1;-1;0;2;0;2;1;-1;0;-1;0;2;1;3;0;-1;0;11;2;2;2;-1;1;1,1,1,0,no_op,0.0,False,False
-32;-30;-16;139;-11;22;-38;3;165;0;-5;-2;16;75;-20;1;2;-12;28;74;-2;37;-5;6;0;-1;17;12;2;1;0;0;-5;3;0;1;3;2;1;0;22;-1;-4;-2;2;1;2;1;-1;-1;0;1;0;2;2;-1;0;-1;0;2;1;2;0;0;1;12;3;2;2;-1;1;0,1,0,1,damp_low_band,0.0,False,False
-32;-31;-14;142;-12;23;-38;4;164;0;-4;-2;16;75;-20;3;2;-12;29;75;-2;38;-5;6;1;-1;17;12;2;1;0;0;-5;3;0;1;3;2;1;0;22;-1;-4;-2;2;1;1;1;-1;-1;0;2;0;2;2;-1;0;-1;0;2;1;2;0;-1;0;12;3;2;2;-1;1;0,1,0,1,damp_low_band,0.0,False,False
-32;0;-14;121;-9;-1;-49;5;163;1;-11;-4;13;81;-23;-5;5;5;26;82;0;34;-8;11;0;0;18;4;3;0;0;-1;-10;5;0;0;3;1;0;0;24;-1;-4;1;2;1;2;-1;-1;0;-1;2;0;2;2;0;3;-1;1;2;0;3;0;0;0;11;2;3;2;0;0;0,1,0,1,damp_low_band,0.0,False,False
-32;13;-3;185;8;22;-40;3;172;10;-13;6;20;96;-10;15;2;13;26;99;6;44;-2;-1;1;0;23;7;2;-1;0;3;-5;-7;0;3;0;-4;1;1;20;2;-2;-2;-1;-2;-1;2;0;0;-1;4;1;3;3;-1;0;1;0;2;2;4;-1;-1;0;12;3;3;3;1;0;-1,1,1,0,no_op,0.0,False,False
-32;17;-16;135;5;-4;-19;-3;173;1;-2;7;16;90;-15;-4;2;16;27;89;-2;37;-5;8;-1;1;19;0;1;-1;0;1;-6;-1;1;0;2;-1;-2;2;23;0;-4;1;2;-2;2;-1;-1;0;0;3;1;2;1;-1;1;0;1;2;1;4;0;0;0;11;2;4;2;1;1;-1,1,1,0,no_op,0.0,False,False
-32;3;-6;124;-19;1;-52;5;161;2;-17;-5;11;82;-20;-4;3;8;31;83;1;35;-8;11;2;1;20;4;4;0;-1;-1;-7;3;-1;0;3;0;1;0;24;-1;-4;1;1;0;2;-1;-2;0;0;2;-1;2;2;0;2;-1;1;2;0;3;0;0;-1;11;3;3;2;0;0;0,1,0,1,damp_low_band,0.0,False,False
-32;43;17;190;-1;8;-26;0;183;5;-1;14;27;102;-5;6;-11;21;27;105;8;41;6;2;1;0;16;7;1;-3;5;2;2;0;2;2;-3;-2;1;0;20;-1;-1;-2;-1;0;-1;2;0;0;2;2;1;3;2;-1;0;-2;1;2;3;3;-1;-1;-1;12;3;3;3;-1;0;0,1,1,0,no_op,0.0,False,False
-32;6;-10;128;-16;7;-41;2;167;3;-14;1;13;85;-16;-3;4;9;30;85;-1;36;-8;10;0;1;21;4;3;0;-2;0;-7;1;0;1;3;0;0;0;24;0;-4;1;2;0;2;-1;-1;0;-1;2;0;2;2;0;2;0;1;2;0;3;0;0;-1;11;3;3;2;0;1;-1,1,0,1,damp_low_band,0.0,False,False
-33;-25;-16;133;-2;25;-22;15;169;4;2;-7;15;74;-19;3;1;-9;29;75;-3;35;-4;9;0;-1;16;11;1;1;0;0;-4;4;1;2;3;2;-1;-1;22;-1;-4;-1;2;2;1;0;-1;-1;0;2;0;2;1;-1;0;-1;0;2;1;3;0;-1;0;11;2;2;2;-1;1;1,1,1,0,no_op,0.0,False,False
-33;18;0;187;9;19;-38;3;174;10;-13;8;21;97;-8;15;0;16;27;101;6;44;-1;0;1;0;22;5;2;-2;0;4;-3;-7;0;3;-1;-4;1;1;20;2;-2;-2;-1;-2;-1;2;0;0;0;5;1;3;2;-1;-1;1;0;2;2;4;-1;-1;0;12;3;3;4;1;0;-1,1,1,0,no_op,0.0,False,False
-33;31;2;154;-24;4;-43;-7;167;6;-10;8;18;100;-14;6;-6;22;30;102;3;39;-1;3;2;2;18;5;3;-3;2;2;-1;-2;1;0;0;-3;1;0;22;0;-5;-1;0;-1;2;1;-1;0;1;3;0;4;2;-1;0;0;0;2;2;5;0;-1;0;11;2;3;3;1;0;0,1,1,0,no_op,0.0,False,False
-33;37;13;191;3;10;-30;2;182;7;-6;14;25;101;-4;9;-8;21;27;104;7;42;4;1;1;-1;17;5;1;-3;4;4;2;-2;1;3;-2;-2;1;0;20;0;-1;-2;-2;-1;-1;2;0;0;2;3;1;3;2;-1;-1;-1;1;2;3;3;-1;-1;0;12;3;3;4;0;0;0,1,1,0,no_op,0.0,False,False
-33;4;-13;126;-9;4;-43;5;166;2;-12;-3;12;83;-20;-4;4;6;27;84;-1;35;-7;11;0;1;20;4;3;0;-1;-1;-9;4;0;1;3;0;0;0;24;0;-4;1;2;0;2;-1;-1;0;-1;2;0;2;2;0;2;-1;1;2;0;3;0;0;0;11;2;3;2;0;1;0,1,0,1,damp_low_band,0.0,False,False
-34;-23;-16;136;-2;23;-24;14;169;4;0;-8;15;75;-19;4;2;-9;29;76;-3;35;-5;8;0;-1;16;11;1;1;0;-1;-4;4;1;2;3;1;-1;-1;22;0;-4;-1;2;2;1;1;-1;-1;0;2;0;2;1;-1;0;-1;0;2;1;3;0;0;0;12;3;2;2;0;1;0,1,1,0,no_op,0.0,False,False
-34;0;-13;121;-8;-1;-48;5;163;0;-12;-4;13;80;-23;-6;5;5;26;81;0;34;-7;11;0;0;20;4;3;0;0;-1;-10;5;0;0;3;1;0;0;23;0;-4;1;2;1;2;-1;-1;0;-1;2;0;2;2;0;2;-1;1;2;0;3;0;0;0;11;2;3;2;0;0;0,1,0,1,damp_low_band,0.0,False,False
-34;24;4;189;8;16;-36;3;177;10;-12;10;22;99;-6;13;-2;19;27;102;7;43;1;0;1;0;21;4;2;-2;1;4;-1;-6;0;3;-1;-3;1;1;19;1;-2;-2;-1;-2;-1;2;0;0;1;4;1;3;2;-1;-1;0;0;2;2;4;-1;-1;0;12;3;3;4;0;0;0,1,1,0,no_op,0.0,False,False
-34;31;9;190;6;13;-33;3;179;9;-10;12;23;100;-5;11;-5;20;27;103;7;42;3;0;1;-1;19;4;2;-3;2;4;0;-4;1;3;-2;-3;1;0;19;1;-1;-2;-1;-1;-1;2;0;0;2;4;1;3;2;-1;-1;0;0;2;3;3;-1;-1;0;12;3;3;4;0;0;0,1,1,0,no_op,0.0,False,False
-34;4;-12;126;-9;4;-44;5;165;2;-13;-4;12;83;-20;-4;4;6;27;84;0;35;-7;11;0;1;21;5;3;0;-2;-1;-9;4;0;1;3;0;0;0;23;0;-4;1;2;0;2;-1;-1;0;-1;2;0;2;2;0;2;-1;1;2;0;3;0;0;0;11;2;3;2;0;1;0,1,0,1,damp_low_band,0.0,False,False
-34;4;-5;125;-19;1;-51;5;161;2;-18;-5;11;82;-19;-4;3;8;31;83;1;35;-7;11;1;1;21;5;4;0;-1;-1;-6;2;-1;0;3;0;1;0;23;-1;-5;1;1;0;2;-1;-2;0;0;2;-1;2;2;0;2;-1;1;2;0;3;0;0;0;11;3;3;2;0;0;0,1,0,1,damp_low_band,0.0,False,False
-34;7;-9;129;-15;7;-40;1;167;3;-15;1;13;86;-15;-3;4;10;30;86;-1;37;-7;10;0;1;21;4;3;0;-2;0;-6;1;0;1;3;0;0;1;24;0;-4;1;2;0;2;-1;-1;0;-1;3;0;2;2;0;2;0;1;2;0;3;0;0;-1;11;2;3;2;0;1;-1,1,0,1,damp_low_band,0.0,False,False
-35;-20;-16;139;-2;21;-26;14;169;3;-2;-8;14;76;-20;4;2;-9;29;77;-2;36;-5;8;0;-1;17;11;2;1;0;-1;-5;4;0;2;3;1;-1;-1;22;0;-4;-1;2;1;1;1;-1;-1;0;2;0;2;1;-1;0;-1;0;2;1;3;0;0;0;12;3;2;2;0;1;0,1,1,0,no_op,0.0,False,False
-35;17;-14;135;4;-2;-21;-2;172;1;-3;6;15;90;-15;-5;4;14;28;89;-1;38;-5;8;-1;2;20;0;1;-1;-1;1;-6;0;1;0;2;-1;-2;2;23;1;-4;1;2;-2;1;-1;-1;0;0;3;1;2;1;-1;1;0;1;2;1;4;0;0;0;11;2;4;2;1;1;-1,1,1,0,no_op,0.0,False,False
-35;9;-8;129;-15;7;-39;0;168;3;-15;1;13;86;-15;-3;3;11;30;87;-1;37;-6;9;0;1;21;4;3;0;-2;1;-6;1;0;1;3;0;0;1;24;0;-4;1;2;0;2;-1;-1;0;0;3;0;2;2;0;1;0;1;2;0;3;0;-1;0;11;2;3;2;1;1;-1,1,0,1,damp_low_band,0.0,False,False
-36;-10;0;121;-23;0;-55;8;158;-1;-18;-8;12;76;-18;-6;1;1;31;76;3;35;-6;11;3;0;20;6;4;2;0;-1;-4;4;-1;0;2;1;1;1;23;-1;-5;1;1;0;2;-1;-2;-1;0;2;-1;1;2;0;1;-1;1;2;1;2;0;0;0;12;2;3;2;0;0;-1,1,0,1,damp_low_band,0.0,False,False
-36;-18;-16;142;-2;19;-28;13;169;3;-4;-9;14;77;-20;5;3;-7;29;78;-2;36;-5;7;0;-1;17;11;2;1;0;-1;-6;3;0;2;3;1;-1;0;22;0;-4;-1;2;1;1;1;-1;-1;0;2;0;2;1;-1;0;-1;0;2;1;3;0;0;0;12;3;2;2;0;1;0,1,1,0,no_op,0.0,False,False
-36;-1;-11;121;-7;-1;-48;5;163;0;-14;-5;12;80;-23;-6;5;5;26;81;1;34;-7;11;0;0;21;5;3;0;-1;-1;-9;4;0;0;3;1;0;0;22;0;-5;1;2;1;2;-1;-1;0;-1;2;0;2;2;0;2;-1;1;2;0;3;0;0;0;11;2;3;2;0;0;0,1,0,1,damp_low_band,0.0,False,False
-36;4;-11;126;-8;4;-44;5;165;2;-14;-4;11;83;-20;-4;4;6;27;84;0;35;-7;11;0;1;21;5;3;0;-2;-1;-8;3;0;1;3;0;0;0;23;0;-4;1;2;0;2;-1;-1;0;-1;2;0;2;2;0;2;-1;1;2;0;3;0;0;0;11;2;3;2;0;1;0,1,0,1,damp_low_band,0.0,False,False
-36;4;-4;125;-17;1;-51;5;162;2;-18;-5;10;83;-18;-4;3;8;30;84;2;35;-7;11;1;1;21;5;4;0;-1;-1;-6;2;-1;0;3;0;1;0;23;0;-5;1;1;0;2;-1;-2;0;0;2;-1;2;2;0;2;-1;1;2;0;3;0;0;0;11;2;3;2;0;0;0,1,0,1,damp_low_band,0.0,False,False
-37;-15;-15;144;-1;17;-30;12;169;3;-7;-9;14;78;-20;5;3;-5;28;79;-2;36;-6;7;0;-1;18;11;2;1;-1;-1;-6;3;0;2;3;0;-1;0;22;0;-4;-1;2;1;1;1;-1;-1;0;1;0;2;1;-1;1;-1;0;2;1;3;0;0;0;12;3;2;2;0;1;0,1,1,0,no_op,0.0,False,False
-37;10;-8;130;-13;7;-37;-1;169;3;-15;2;13;86;-14;-4;3;11;30;87;-1;37;-6;9;0;1;21;3;3;0;-2;1;-6;0;0;1;3;0;0;1;23;0;-4;1;2;-1;2;-1;-1;0;0;3;0;2;2;0;1;0;1;2;0;3;0;-1;0;11;2;3;2;1;1;-1,1,0,1,damp_low_band,0.0,False,False
-37;27;2;156;-20;4;-44;-4;167;6;-14;7;16;99;-13;6;-4;20;30;100;3;39;-2;3;1;1;19;4;3;-3;1;2;-2;-3;1;1;1;-3;1;0;22;0;-5;-1;0;-1;2;1;-1;0;1;3;0;4;2;-1;0;0;0;2;2;5;0;-1;0;11;2;3;3;1;0;0,1,1,0,no_op,0.0,False,False
-37;4;-10;126;-9;4;-45;5;165;2;-16;-5;11;83;-19;-4;4;7;28;84;0;35;-6;11;0;1;22;5;3;0;-2;-1;-8;3;0;1;3;0;0;0;23;0;-5;1;2;0;2;-1;-1;0;-1;2;0;2;2;0;2;-1;1;2;0;3;0;0;0;11;2;3;2;0;1;0,1,0,1,damp_low_band,0.0,False,False
-37;4;-4;125;-16;2;-50;5;162;2;-18;-5;10;83;-18;-4;3;8;30;84;2;35;-6;11;1;1;21;5;4;0;-1;-1;-6;2;0;0;3;0;1;0;23;0;-5;1;1;0;2;-1;-2;0;-1;2;-1;2;2;0;2;-1;1;2;0;3;0;0;0;11;2;3;2;0;0;0,1,0,1,damp_low_band,0.0,False,False
-38;-12;-14;146;-1;16;-32;11;168;4;-9;-9;13;79;-19;6;4;-3;28;81;-2;37;-6;6;0;-1;19;11;2;1;-1;-1;-7;2;0;2;3;0;-1;0;22;0;-4;-1;2;0;1;1;-1;-1;0;1;0;2;1;0;1;-1;0;2;1;3;0;0;0;12;3;2;2;0;1;0,1,1,0,no_op,0.0,False,False
-38;-1;-10;121;-7;-1;-48;4;163;0;-16;-6;11;80;-22;-6;5;5;27;81;1;34;-6;11;0;0;21;5;3;1;-1;-1;-9;4;0;0;3;1;1;0;22;0;-5;1;2;1;2;-1;-1;0;-1;2;0;2;2;0;2;-1;1;1;0;3;0;0;0;11;2;4;2;0;0;0,1,0,1,damp_low_band,0.0,False,False
-38;11;-8;130;-12;6;-36;-2;170;3;-14;2;13;87;-14;-4;4;12;30;88;-1;38;-5;9;0;2;21;3;3;0;-2;1;-5;0;0;1;3;-1;0;1;23;0;-4;1;2;-1;2;-1;-1;0;0;3;0;2;2;0;1;0;1;2;1;4;0;-1;0;11;2;3;2;1;1;-1,1,0,1,damp_low_band,0.0,False,False
-38;17;-12;134;2;-1;-24;-2;172;1;-5;5;13;90;-15;-6;5;14;29;90;-1;38;-4;8;-1;2;21;1;2;-1;-1;1;-6;0;1;0;2;-1;-1;1;22;1;-4;1;2;-2;1;0;-1;0;0;3;0;3;1;0;1;0;1;2;1;4;0;0;0;11;2;4;2;1;1;-1,1,1,0,no_op,0.0,False,False
-38;4;-5;126;-14;2;-49;5;163;2;-18;-5;10;83;-18;-4;4;8;29;84;1;35;-6;11;1;1;22;5;4;0;-2;-1;-6;3;0;1;3;0;1;0;23;0;-5;1;1;0;2;-1;-1;0;-1;2;-1;2;2;0;2;-1;1;2;0;3;0;0;0;11;2;3;2;0;0;0,1,0,1,damp_low_band,0.0,False,False
-38;4;-8;126;-10;3;-46;5;165;2;-17;-5;10;83;-19;-4;4;7;28;84;1;35;-6;11;0;1;22;5;3;0;-2;-1;-8;3;0;1;3;0;0;0;22;0;-5;1;2;0;2;-1;-1;0;-1;2;0;2;2;0;2;-1;1;2;0;3;0;0;0;11;2;3;2;0;1;0,1,0,1,damp_low_band,0.0,False,False
-39;-9;-12;149;-1;14;-35;10;168;4;-11;-8;13;81;-18;7;4;-1;28;82;-1;37;-6;6;0;-1;20;10;2;1;-1;-1;-7;2;0;2;3;0;0;0;22;1;-4;-1;2;0;1;1;-1;-1;0;1;0;3;2;0;1;-1;0;2;1;3;0;0;0;12;2;2;2;0;1;0,1,1,0,no_op,0.0,False,False
-39;-9;0;121;-19;0;-54;7;159;-1;-19;-8;11;76;-17;-5;1;1;30;77;3;35;-5;11;2;0;21;6;4;1;0;-2;-5;4;-1;0;2;1;1;1;22;-1;-5;1;1;0;2;-1;-2;-1;0;2;-1;2;2;0;1;-1;1;1;1;2;0;0;0;11;2;3;2;0;0;-1,1,0,1,damp_low_band,0.0,False,False
-39;12;-8;131;-10;6;-34;-2;171;3;-14;2;13;87;-14;-4;4;13;30;89;-1;38;-5;9;-1;2;21;3;3;0;-2;2;-5;0;1;1;3;-1;0;1;23;0;-4;1;2;-1;2;-1;-1;0;0;3;0;2;2;0;1;0;1;2;1;4;0;-1;0;11;2;3;2;1;1;-1,1,0,1,damp_low_band,0.0,False,False
-39;17;-10;134;-1;1;-25;-2;172;2;-8;4;12;90;-15;-6;5;14;29;90;-1;39;-4;8;-1;2;21;1;2;-1;-2;2;-5;0;1;0;2;-1;-1;1;22;1;-4;1;2;-2;1;0;-1;0;0;3;0;3;1;0;1;0;1;2;1;4;0;0;0;11;2;4;2;1;1;-1,1,1,0,no_op,0.0,False,False
-39;23;2;157;-17;4;-45;-1;167;6;-17;6;15;97;-12;6;-2;18;30;97;2;40;-3;3;1;1;20;4;3;-2;0;3;-3;-3;0;2;1;-3;1;0;21;1;-5;-1;1;-1;1;1;-1;0;0;3;0;4;2;-1;0;0;1;2;2;5;0;-1;0;11;2;3;3;1;0;0,1,1,0,no_op,0.0,False,False
-39;4;-6;126;-12;3;-48;5;164;2;-18;-5;10;83;-18;-4;4;8;29;84;1;35;-6;11;0;1;22;5;4;0;-2;-1;-7;3;0;1;3;0;1;0;22;0;-5;1;2;0;2;-1;-1;0;-1;2;0;2;2;0;2;-1;1;2;0;3;0;0;0;11;2;3;2;0;0;0,1,0,1,damp_low_band,0.0,False,False
-39;4;-7;126;-11;3;-47;5;164;2;-18;-5;10;83;-18;-4;4;7;29;84;1;35;-6;11;0;1;22;5;4;0;-2;-1;-7;3;0;1;3;0;1;0;22;0;-5;1;2;0;2;-1;-1;0;-1;2;0;2;2;0;2;-1;1;2;0;3;0;0;0;11;2;3;2;0;1;0,1,0,1,damp_low_band,0.0,False,False
-40;-2;-8;120;-8;0;-48;4;163;-1;-18;-6;10;79;-21;-6;4;4;28;80;2;34;-6;11;0;0;22;5;3;1;-1;-2;-8;4;0;0;3;1;1;0;22;0;-5;1;2;1;2;-1;-1;-1;-1;2;0;2;2;0;2;-1;1;1;0;3;0;0;0;11;2;4;2;0;0;0,1,0,1,damp_low_band,0.0,False,False
-40;14;-8;132;-8;5;-32;-3;172;2;-13;2;12;88;-14;-5;4;13;30;89;-1;39;-4;9;-1;2;21;3;3;0;-2;2;-5;0;1;0;3;-1;0;1;22;0;-4;1;2;-1;2;-1;-1;0;0;3;0;2;2;0;1;0;1;2;1;4;0;-1;0;11;2;3;2;1;1;-1,1,0,1,damp_low_band,0.0,False,False
-40;15;-9;132;-6;4;-30;-3;172;2;-12;2;12;89;-14;-5;5;14;30;90;-1;39;-4;8;-1;2;21;2;3;0;-2;2;-5;0;1;0;3;-1;0;1;22;1;-4;1;2;-1;1;0;-1;0;0;3;0;3;2;0;1;0;1;2;1;4;0;-1;0;11;2;3;2;1;1;-1,1,1,0,no_op,0.0,False,False
-40;16;-9;133;-3;2;-27;-3;172;2;-10;3;12;89;-15;-6;5;14;29;90;-1;39;-4;8;-1;2;21;2;3;-1;-2;2;-5;0;1;0;2;-1;0;1;22;1;-4;1;2;-1;1;0;-1;0;0;3;0;3;2;0;1;0;1;2;1;4;0;0;0;11;2;4;2;1;1;-1,1,1,0,no_op,0.0,False,False
-41;-3;-6;120;-9;0;-50;5;163;-1;-19;-7;10;79;-19;-5;4;4;28;80;2;34;-6;11;0;0;22;6;4;1;-1;-2;-7;4;0;0;3;1;1;0;22;0;-5;1;1;1;1;-1;-1;-1;-1;2;0;2;2;0;1;-1;1;1;0;3;0;0;0;11;2;4;2;0;0;0,1,0,1,damp_low_band,0.0,False,False
-41;-6;-10;151;-2;13;-37;9;167;5;-14;-7;12;83;-17;8;4;2;28;84;-1;38;-6;5;0;0;21;10;2;0;-2;-1;-7;1;0;2;3;-1;0;1;22;1;-4;-1;2;0;1;1;-1;-1;0;2;0;3;2;0;1;-1;0;2;1;4;0;0;0;12;2;2;2;1;1;-1,1,1,0,no_op,0.0,False,False
-41;-7;0;120;-16;0;-54;6;160;-1;-20;-8;10;77;-17;-5;1;2;29;78;3;34;-5;11;2;0;21;6;4;1;0;-2;-5;4;0;0;2;1;1;1;22;-1;-5;1;1;0;2;-1;-2;-1;0;2;-1;2;2;0;1;-1;1;1;0;2;0;0;0;11;2;4;2;0;0;-1,1,0,1,damp_low_band,0.0,False,False
-41;18;0;158;-13;5;-45;2;167;6;-18;4;13;94;-12;7;0;16;30;95;2;39;-4;4;1;0;21;4;4;-2;-1;2;-4;-3;0;2;1;-3;1;0;21;1;-5;-1;1;-1;1;1;-1;0;0;3;0;3;2;-1;1;0;1;2;1;5;0;-1;0;11;2;3;3;1;0;0,1,1,0,no_op,0.0,False,False
-42;-2;-8;153;-3;11;-39;8;167;5;-16;-5;12;85;-16;8;4;4;28;86;0;38;-6;5;0;0;22;9;3;0;-2;-1;-7;0;0;2;3;-1;0;1;22;1;-4;-1;2;-1;1;1;-1;-1;-1;2;0;3;2;0;1;0;0;2;1;4;0;0;0;12;2;2;2;1;1;-1,1,1,0,no_op,0.0,False,False
-42;-4;-4;120;-10;0;-51;5;162;-1;-20;-7;10;78;-18;-5;3;4;28;79;3;34;-6;11;1;0;22;6;4;1;-1;-2;-6;4;0;0;2;1;1;0;22;0;-5;1;1;1;1;-1;-2;-1;0;2;0;2;2;0;1;-1;1;1;0;3;0;0;0;11;2;4;2;0;0;-1,1,0,1,damp_low_band,0.0,False,False
-42;-6;-2;120;-13;0;-52;5;162;-1;-20;-7;10;78;-17;-5;2;3;29;79;3;34;-5;11;1;0;22;6;4;1;-1;-2;-6;4;0;0;2;1;1;1;22;0;-5;1;1;0;1;-1;-2;-1;0;2;-1;2;2;0;1;-1;1;1;0;2;0;0;0;11;2;4;2;0;0;-1,1,0,1,damp_low_band,0.0,False,False
-42;12;-2;157;-10;6;-44;4;167;6;-19;1;12;92;-13;7;2;13;29;92;1;39;-4;4;0;0;22;5;4;-1;-2;2;-5;-2;0;2;2;-3;1;0;22;1;-5;-1;1;-1;1;1;-1;0;-1;3;0;3;2;-1;1;0;0;2;1;4;0;-1;0;11;2;3;2;1;0;-1,1,1,0,no_op,0.0,False,False
-42;2;-6;155;-5;9;-41;7;167;5;-17;-3;11;87;-15;8;4;7;29;88;0;39;-5;4;0;0;22;8;3;0;-2;0;-6;-1;0;2;3;-2;1;1;22;1;-5;-1;2;-1;1;1;-1;0;-1;2;0;3;2;0;1;0;0;2;1;4;0;-1;0;12;2;3;2;1;1;-1,1,1,0,no_op,0.0,False,False
-42;7;-4;156;-8;8;-43;6;167;6;-19;-1;12;89;-14;8;3;10;29;90;1;39;-5;4;0;0;22;6;3;-1;-2;1;-6;-2;0;2;2;-2;1;0;22;1;-5;-1;1;-1;1;1;-1;0;-1;2;0;3;2;0;1;0;0;2;1;4;0;-1;0;11;2;3;2;1;0;-1,1,1,0,no_op,0.0,False,False
-4;-52;-8;104;6;32;3;0;176;6;26;4;21;75;-7;3;-5;-1;32;74;-3;32;0;13;-1;1;22;8;-2;1;-2;4;2;6;1;2;-1;3;1;-1;22;-2;-3;-1;-1;1;2;1;0;-1;1;4;1;3;1;0;0;0;1;2;2;4;0;0;0;11;3;2;3;1;0;-1,1,1,0,no_op,0.0,False,False
-4;28;-18;145;-30;-1;-30;-8;166;6;0;-7;19;96;-16;11;-13;20;32;98;-2;42;-5;-1;2;1;16;9;4;-1;-4;2;2;-1;-1;-2;0;-3;0;0;24;3;-1;3;0;-2;2;-2;-1;0;0;2;0;3;2;-1;0;0;0;2;1;4;0;-1;-1;11;4;3;3;1;1;-1,1,1,0,no_op,0.0,False,False
-4;45;-18;144;19;-15;11;5;178;-6;19;8;16;87;-5;-9;-1;16;33;85;-3;34;-1;6;-1;1;24;5;-2;-1;4;-6;-3;-3;1;-2;0;-3;-1;2;25;1;-2;2;0;-2;1;-2;0;0;2;4;1;2;1;-2;0;0;1;1;2;3;0;0;0;11;3;4;3;0;0;-1,1,1,0,no_op,0.0,False,False
-8;46;-15;147;18;-15;7;4;180;-5;22;6;16;88;-6;-9;0;14;33;88;-3;35;-1;6;-1;1;25;4;-2;-1;3;-6;-2;-4;1;-2;0;-3;-1;2;24;1;-2;2;0;-2;1;-2;0;0;2;3;1;2;1;-2;0;0;1;1;2;3;0;0;0;11;3;4;3;0;0;-1,1,1,0,no_op,0.0,False,False
-9;-53;-5;103;4;33;2;4;176;5;25;6;21;73;-9;1;-3;0;31;72;-2;32;0;13;0;1;21;9;-2;1;-2;3;3;5;2;3;-1;3;2;-1;22;-1;-3;-1;-1;1;2;0;0;-1;1;4;1;3;1;-1;1;0;1;2;2;4;0;0;0;11;3;2;3;1;0;-1,1,1,0,no_op,0.0,False,False
0;-50;-11;105;8;31;6;-3;176;6;26;1;21;77;-5;4;-6;-2;33;76;-4;33;0;12;-1;1;23;6;-2;0;-1;6;1;6;1;2;-1;3;1;-2;23;-2;-3;-1;-1;1;2;1;0;-1;2;3;1;3;1;0;0;0;1;2;2;4;0;0;0;11;3;3;3;1;0;-1,1,1,0,no_op,0.0,False,False
0;41;-12;124;-3;-45;-11;-12;162;1;25;-3;20;87;-9;-2;2;29;36;88;-8;35;-1;10;0;2;19;2;1;1;0;-8;-1;-2;1;-3;1;-4;-1;0;22;0;-1;3;1;-2;0;-2;0;0;1;2;0;2;1;-2;0;-1;-1;2;2;4;0;0;0;11;4;4;3;1;1;0,1,1,0,no_op,0.0,False,False
0;44;-9;133;1;-45;-4;-13;163;-1;28;-1;20;89;-8;-2;1;26;38;88;-7;36;0;8;0;2;20;3;0;1;0;-7;0;-2;1;-3;1;-5;0;1;22;0;-1;3;1;-3;0;-2;0;0;1;2;1;2;1;-2;0;-1;0;1;2;3;0;0;0;11;4;4;4;1;0;0,1,1,0,no_op,0.0,False,False
10;44;-9;134;4;-42;-2;-12;165;1;28;4;20;84;-2;-3;1;24;38;83;-8;36;0;8;-1;1;21;6;0;1;2;-8;-1;-3;1;-3;0;-5;-1;0;23;0;0;3;0;-3;0;-2;0;-1;1;2;1;2;2;-2;1;-1;0;1;2;3;0;0;0;11;4;3;4;0;0;0,1,1,0,no_op,0.0,False,False
11;30;-26;127;19;-13;21;1;175;0;6;16;20;84;4;1;9;18;29;79;-5;31;-5;10;-1;1;15;4;-2;-1;11;-1;-4;-1;0;-1;-1;-3;-4;0;26;-2;0;3;0;-2;-1;-2;-1;0;-1;4;1;2;3;-1;2;1;0;1;2;3;-1;0;-1;11;3;3;3;0;0;-2,1,1,0,no_op,0.0,False,False
12;-45;-18;112;13;28;14;-6;174;8;21;-4;20;80;1;7;-6;-6;33;81;-5;34;-1;12;-1;0;23;2;-2;0;2;8;-1;4;0;2;-1;3;0;-1;25;-2;-2;-2;-1;1;1;2;0;0;2;2;1;3;1;0;0;-1;1;2;2;4;0;0;0;12;3;3;3;1;0;-1,1,1,0,no_op,0.0,False,False
12;44;-9;133;4;-41;-2;-12;165;1;28;5;20;83;-1;-2;1;24;37;82;-8;36;0;8;-1;1;21;6;0;1;2;-7;-1;-3;1;-3;0;-5;-1;0;23;0;0;3;0;-3;-1;-2;0;-1;1;3;1;2;2;-2;1;-1;0;1;2;3;0;-1;0;11;4;3;4;0;0;0,1,1,0,no_op,0.0,False,False
12;45;-10;116;-5;-46;-13;-8;162;5;28;-3;20;80;-2;-3;5;28;37;82;-8;34;1;11;0;1;20;2;2;1;2;-9;-2;-2;0;-3;1;-4;0;-1;22;0;1;3;1;-2;-1;-2;0;0;1;2;0;3;2;-2;1;-1;0;2;2;4;0;0;0;11;4;3;3;1;1;0,1,1,0,no_op,0.0,False,False
13;44;-18;124;-25;-15;-22;7;174;9;16;-13;15;84;-3;-7;2;18;31;87;-3;40;-2;9;1;2;21;3;4;-1;-3;-5;3;0;1;-1;0;-3;-1;-1;25;0;1;3;1;-2;0;-3;-1;-1;0;0;0;3;1;-1;1;1;1;2;2;4;0;0;-1;12;3;3;3;1;1;-1,1,1,0,no_op,0.0,False,False
14;28;-25;126;22;-10;19;-4;175;0;6;16;19;79;9;5;11;19;31;78;-6;29;-6;12;-1;1;16;4;-2;-1;11;1;-4;-1;0;-1;-1;-3;-4;-1;26;-3;0;3;0;-2;-1;-2;0;-1;-1;3;0;2;3;0;2;0;0;1;1;3;-1;0;-1;12;3;3;3;0;0;-2,1,1,0,no_op,0.0,False,False
14;45;-9;133;5;-40;-2;-12;165;1;27;6;20;82;1;-2;1;24;37;81;-7;35;0;9;-1;1;21;7;0;1;3;-7;-2;-3;0;-3;0;-5;0;0;23;0;0;3;0;-3;-1;-2;0;-1;1;3;1;2;2;-2;1;-1;0;2;2;3;0;-1;0;11;4;3;4;0;0;0,1,1,0,no_op,0.0,False,False
15;-43;-20;114;14;27;17;-7;174;8;18;-5;20;81;2;7;-5;-6;32;83;-6;35;-2;12;-1;0;22;2;-2;0;2;8;-1;4;0;1;-1;3;-1;-1;26;-1;-1;-2;-1;1;1;2;0;0;2;1;0;3;2;0;0;-1;1;2;2;4;0;0;-1;12;3;3;3;1;0;0,1,1,0,no_op,0.0,False,False
15;45;-10;115;-6;-46;-13;-8;163;6;29;-3;20;79;0;-3;6;27;37;81;-7;33;1;12;0;2;21;3;2;1;3;-9;-2;-2;0;-3;1;-4;0;-1;22;0;1;3;1;-2;-1;-1;0;0;1;2;0;3;2;-2;1;-1;0;2;2;4;0;0;0;11;4;3;4;1;1;0,1,1,0,no_op,0.0,False,False
15;45;-9;133;5;-39;-2;-11;166;2;27;6;20;81;2;-2;1;23;37;80;-7;35;0;9;-1;1;21;7;0;1;3;-7;-2;-3;0;-3;0;-5;0;0;23;0;0;3;0;-3;-1;-2;0;-1;1;3;1;2;2;-1;1;-1;0;2;2;3;0;-1;0;11;4;3;4;0;0;0,1,1,0,no_op,0.0,False,False
17;45;-8;132;6;-38;-2;-11;166;2;27;7;20;80;3;-2;1;23;37;79;-7;35;0;9;-1;1;20;7;0;1;3;-7;-2;-2;0;-3;0;-5;0;0;23;0;0;3;0;-2;-1;-2;0;-1;1;3;1;2;2;-1;1;-1;0;2;2;3;0;-1;0;11;4;3;4;0;0;0,1,1,0,no_op,0.0,False,False
18;-40;-21;118;14;26;20;-7;173;7;16;-6;19;81;2;6;-4;-6;32;84;-6;36;-3;11;-1;0;21;2;-2;0;3;8;-1;3;0;1;-1;3;-1;-1;27;-1;-1;-3;-1;1;0;3;0;0;2;1;0;3;2;0;0;-1;1;2;2;4;0;0;-1;12;3;3;3;1;0;0,1,1,0,no_op,0.0,False,False
18;30;-22;125;25;-6;18;-8;172;-2;6;14;18;75;12;8;12;20;33;75;-5;29;-5;14;-1;1;17;4;-3;-1;9;2;-4;-1;1;-1;-1;-2;-2;0;25;-3;0;3;0;-2;-2;-2;-1;-1;0;2;0;2;2;0;1;0;0;1;1;3;0;0;-1;11;3;4;3;0;0;-1,1,1,0,no_op,0.0,False,False
18;45;-17;119;-24;-16;-18;7;176;9;19;-13;15;83;-2;-8;3;17;32;85;-3;38;-1;9;1;2;22;3;3;-1;-2;-6;3;-2;0;-2;0;-3;-1;-2;25;-1;1;3;1;-2;-1;-2;-1;-1;1;1;1;3;1;-1;1;1;1;2;2;4;0;0;0;12;3;2;3;1;1;-1,1,1,0,no_op,0.0,False,False
19;46;-8;131;7;-37;-2;-10;167;2;26;8;20;79;4;-2;1;23;37;78;-7;35;0;9;-1;1;20;8;0;0;4;-6;-2;-2;0;-3;0;-5;0;0;23;-1;1;3;0;-2;-1;-2;0;-1;1;3;1;2;2;-1;1;-1;0;2;2;3;0;-1;0;11;4;3;4;0;0;0,1,1,0,no_op,0.0,False,False
19;46;-9;113;-6;-46;-12;-8;164;7;30;-3;20;77;3;-3;6;26;37;79;-7;33;2;12;0;2;21;4;2;1;3;-8;-2;-2;0;-3;1;-4;1;-2;22;0;1;3;1;-2;-1;-1;0;-1;1;2;0;3;2;-2;1;-1;0;2;2;4;0;0;0;11;4;2;4;1;1;0,1,1,0,no_op,0.0,False,False
1;27;-22;145;-27;-4;-30;-5;169;5;1;-11;18;93;-14;9;-13;19;32;95;-4;43;-6;0;1;0;15;9;4;-2;-6;2;2;0;0;-1;1;-3;-1;0;25;3;-1;3;0;-2;2;-2;-1;0;-1;2;0;3;1;0;0;0;0;2;1;4;0;-1;-1;11;3;3;3;1;1;-1,1,1,0,no_op,0.0,False,False
1;42;-12;123;-3;-45;-11;-12;162;2;25;-3;20;86;-8;-3;2;29;36;87;-8;34;-1;10;0;1;19;1;1;1;1;-8;-1;-2;1;-3;2;-4;-1;0;22;0;0;3;1;-2;0;-2;0;0;1;2;0;2;1;-2;0;-1;-1;2;2;4;0;0;0;11;4;3;3;1;1;0,1,1,0,no_op,0.0,False,False
1;43;-19;140;20;-15;15;6;176;-6;16;10;16;86;-4;-9;0;17;32;83;-3;33;-2;7;-1;2;23;6;-2;-1;5;-6;-4;-2;1;-1;0;-3;-1;1;26;0;-2;3;0;-2;0;-3;0;0;1;4;1;2;2;-2;0;0;1;1;2;3;0;0;-1;11;3;4;3;0;0;-1,1,1,0,no_op,0.0,False,False
1;44;-9;134;1;-45;-4;-13;164;0;28;0;20;88;-8;-2;1;26;38;88;-7;36;0;8;0;2;20;3;0;1;0;-8;0;-2;1;-3;1;-5;0;1;22;0;-1;3;0;-3;0;-2;0;0;1;2;1;2;1;-2;0;-1;0;1;2;3;0;0;0;11;4;4;4;1;0;0,1,1,0,no_op,0.0,False,False
20;-23;-27;129;13;17;23;-2;176;1;8;-11;21;84;11;-1;5;-8;28;86;-7;37;-6;8;-1;0;13;4;-2;1;11;3;0;4;0;1;-2;2;-4;0;28;1;0;-2;-2;1;-1;2;-1;0;0;1;0;3;3;0;1;-2;1;2;1;4;-1;-1;-2;11;3;3;2;1;-1;0,1,1,0,no_op,0.0,False,False
20;-26;-27;128;11;20;24;-6;174;2;9;-11;22;82;6;0;4;-6;27;86;-5;36;-5;9;-1;0;13;3;-2;0;9;6;1;3;0;1;-2;2;-2;-1;27;0;1;-2;-2;1;-1;2;-1;0;1;0;0;3;3;0;1;-3;1;2;1;4;-1;0;-2;12;3;3;3;1;-1;0,1,1,0,no_op,0.0,False,False
20;-37;-22;121;13;25;22;-7;172;7;14;-7;19;81;1;5;-2;-6;30;85;-6;36;-4;11;0;0;19;1;-2;0;4;7;0;2;0;1;-1;3;-1;-1;27;0;-1;-3;-1;1;0;2;0;0;2;1;0;3;2;0;0;-1;1;2;1;4;0;0;-1;12;3;3;3;1;0;0,1,1,0,no_op,0.0,False,False
20;46;-8;131;7;-35;-1;-9;167;2;25;8;20;79;5;-1;1;23;36;77;-6;35;0;10;-1;1;20;8;0;0;4;-6;-3;-2;0;-3;0;-5;0;0;23;-1;1;3;0;-2;-1;-2;0;-1;0;3;1;2;2;-1;1;-1;0;2;2;3;0;-1;0;11;4;3;4;0;0;0,1,1,0,no_op,0.0,False,False
21;-23;-26;129;18;14;22;3;175;2;8;-10;18;88;15;-3;6;-9;31;87;-7;39;-8;6;-1;0;15;5;-2;1;10;1;-1;4;1;1;-2;1;-3;0;28;1;0;-2;-1;1;0;2;0;0;0;2;0;2;3;0;1;-1;1;2;1;4;0;-1;-2;11;3;3;2;1;-1;0,1,1,0,no_op,0.0,False,False
21;-30;-25;126;11;22;24;-7;172;4;10;-10;21;81;2;2;2;-5;28;86;-5;36;-5;10;-1;0;15;2;-2;0;7;7;1;1;1;1;-1;2;-1;-1;26;1;0;-2;-1;1;-1;2;-1;0;1;0;0;3;2;0;1;-2;0;2;1;4;0;0;-1;12;3;3;3;1;-1;0,1,1,0,no_op,0.0,False,False
21;-34;-24;124;12;24;24;-7;172;6;12;-9;20;81;1;3;0;-6;29;86;-6;37;-4;11;0;0;17;1;-2;0;5;7;0;1;1;1;-1;2;-1;-1;27;1;0;-3;-1;1;-1;2;-1;0;1;1;0;3;2;0;0;-2;1;2;1;4;0;0;-1;12;3;3;3;1;0;0,1,1,0,no_op,0.0,False,False
22;47;-8;130;8;-33;-1;-9;168;2;24;9;20;78;6;-1;1;23;36;77;-6;35;0;10;-1;1;20;8;0;0;4;-5;-3;-2;0;-3;0;-5;0;0;23;-1;1;3;0;-2;-1;-2;0;-1;0;3;1;2;2;-1;1;-1;0;2;2;3;0;-1;0;11;4;3;4;0;0;0,1,1,0,no_op,0.0,False,False
23;46;-7;112;-6;-46;-11;-8;165;7;30;-2;19;76;5;-3;7;26;37;78;-6;33;2;12;0;2;21;5;3;1;4;-8;-2;-2;-1;-3;1;-4;1;-2;22;0;2;2;1;-2;-1;-1;0;-1;1;3;0;3;2;-2;1;-1;0;3;2;4;0;-1;0;11;4;2;4;1;1;0,1,1,0,no_op,0.0,False,False
24;46;-15;115;-21;-17;-13;6;178;8;22;-11;15;81;0;-9;4;16;33;82;-3;37;-1;9;1;1;24;4;3;-1;-1;-6;3;-3;0;-2;0;-3;-1;-2;24;-1;2;3;1;-2;-1;-2;-1;-1;1;1;1;3;2;-1;1;0;1;2;2;4;0;-1;0;12;3;2;3;1;1;0,1,1,0,no_op,0.0,False,False
24;47;-8;129;8;-32;0;-8;169;2;23;9;20;77;8;-1;1;23;36;76;-6;34;0;10;-2;1;19;8;0;0;4;-5;-3;-2;0;-2;0;-4;0;0;23;-1;1;3;0;-2;-2;-2;0;-1;0;3;1;2;2;-1;1;-1;0;2;2;3;0;-1;0;11;4;3;4;0;0;0,1,1,0,no_op,0.0,False,False
25;34;-18;125;28;-2;19;-12;168;-4;6;10;18;71;14;10;12;20;34;71;-3;30;-3;15;-3;1;18;4;-3;-1;6;2;-3;0;2;-2;0;-2;-1;0;24;-2;1;3;0;-2;-2;-2;-1;0;0;2;0;2;2;-1;1;0;0;1;1;3;0;1;-1;11;3;3;3;0;0;-1,1,1,0,no_op,0.0,False,False
25;47;-8;128;9;-30;1;-7;169;2;22;9;20;76;9;0;1;23;36;75;-5;34;0;11;-2;1;19;8;0;0;5;-5;-3;-1;0;-2;0;-4;0;0;23;-1;1;3;0;-2;-2;-1;0;-1;0;3;1;2;2;0;1;-1;0;2;2;3;0;-1;0;11;4;3;4;0;0;0,1,1,0,no_op,0.0,False,False
26;-26;-22;130;23;11;22;7;172;4;8;-8;15;91;18;-3;6;-10;33;89;-6;39;-7;4;-2;1;17;6;-3;0;8;1;-1;3;2;1;-2;1;-1;0;26;1;-1;-2;-1;1;-1;2;-1;0;0;2;0;2;2;0;1;-1;0;2;1;4;0;-1;-1;11;3;3;3;1;0;0,1,1,0,no_op,0.0,False,False
28;46;-6;111;-5;-45;-10;-8;166;8;31;-1;19;74;8;-3;7;25;36;76;-6;33;3;12;-1;2;21;6;3;1;5;-7;-2;-2;-1;-3;1;-4;1;-2;22;0;2;2;1;-2;-1;-1;0;-1;1;3;1;3;3;-1;0;-1;0;3;2;4;0;-1;0;11;3;2;4;1;1;0,1,1,0,no_op,0.0,False,False
29;47;-13;111;-19;-18;-9;5;179;6;25;-9;16;79;4;-9;4;14;33;80;-3;36;-1;10;1;1;25;6;3;-1;1;-6;2;-4;0;-2;1;-3;0;-2;23;-2;2;2;1;-2;-2;-2;-1;-1;2;2;1;3;2;-1;2;0;1;2;2;4;0;-1;0;12;3;2;3;1;1;0,1,1,0,no_op,0.0,False,False
2;44;-9;134;2;-45;-3;-13;164;0;28;0;20;88;-7;-2;1;26;38;87;-7;36;0;8;0;1;20;4;0;1;1;-8;0;-2;1;-3;1;-5;0;1;22;0;-1;3;0;-3;0;-2;0;0;1;2;1;2;1;-2;1;-1;0;1;2;3;0;0;0;11;4;4;4;1;0;0,1,1,0,no_op,0.0,False,False
32;-31;-16;131;26;8;22;10;168;6;7;-5;15;94;19;-3;6;-9;34;93;-2;38;-6;4;-3;0;17;6;-3;0;6;0;-1;3;3;2;-1;2;0;0;25;1;0;-2;-1;1;-2;2;-1;-1;0;3;0;2;1;0;1;0;0;2;1;4;0;-1;-1;11;3;3;3;1;0;0,1,1,0,no_op,0.0,False,False
32;39;-12;123;29;1;21;-13;167;-4;6;6;20;69;14;10;11;20;33;67;0;32;-1;14;-5;1;19;3;-3;-1;5;1;-2;0;2;-3;0;-3;0;1;23;-1;2;2;0;-1;-2;-1;-1;0;0;2;0;2;2;-1;0;-1;0;1;2;3;0;0;-1;11;3;3;3;0;0;-1,1,1,0,no_op,0.0,False,False
33;46;-5;110;-5;-44;-8;-8;167;8;31;0;18;72;11;-2;7;24;35;74;-5;33;3;11;-1;2;21;7;3;0;5;-6;-3;-1;-1;-3;1;-4;1;-2;22;0;2;2;1;-2;-1;-1;0;-1;1;3;1;3;3;-1;0;-1;0;3;2;4;0;-1;0;11;3;2;4;1;1;0,1,1,0,no_op,0.0,False,False
35;47;-10;108;-15;-18;-5;3;180;5;26;-6;16;77;8;-8;4;12;32;78;-2;35;-1;10;0;1;24;8;3;-1;3;-5;0;-5;0;-2;1;-3;0;-2;23;-1;3;2;1;-2;-2;-1;-1;-1;2;2;1;3;3;-1;1;-1;1;2;2;4;0;-1;0;11;2;2;3;1;1;-1,1,1,0,no_op,0.0,False,False
38;45;-3;109;-4;-43;-7;-9;169;8;30;1;18;70;14;-1;7;23;35;72;-4;33;4;11;-1;2;20;7;2;0;6;-5;-3;-1;-2;-3;1;-4;2;-2;22;0;2;1;1;-2;-1;-1;0;-1;0;3;1;3;3;0;0;-1;0;3;2;4;0;-1;0;11;3;2;4;1;1;0,1,1,0,no_op,0.0,False,False
39;-36;-10;134;28;7;25;11;167;7;6;-2;17;95;18;-1;5;-9;34;97;1;38;-3;4;-5;-1;18;6;-3;1;4;0;-1;2;2;3;-1;2;1;0;24;0;2;-2;0;1;-2;1;-1;-1;0;3;0;3;1;0;1;0;0;2;2;4;0;0;0;12;3;3;3;1;0;0,1,1,0,no_op,0.0,False,False
39;43;-6;121;28;3;24;-13;168;-4;5;2;22;68;15;9;11;20;32;64;2;33;0;13;-5;2;19;3;-2;-2;3;0;-1;0;1;-3;0;-3;1;1;23;-1;3;1;0;-1;-2;0;-1;-1;0;2;0;1;1;-1;0;-1;0;1;2;3;0;0;-1;11;3;3;3;0;0;0,1,1,0,no_op,0.0,False,False
3;42;-12;122;-3;-45;-12;-11;162;2;25;-3;20;85;-7;-3;3;29;36;86;-8;34;-1;10;0;1;19;1;1;1;1;-9;-1;-2;1;-3;2;-4;0;0;22;0;0;3;1;-2;0;-2;0;0;1;2;0;2;1;-2;0;-1;-1;2;2;4;0;0;0;11;4;3;3;1;1;0,1,1,0,no_op,0.0,False,False
3;44;-9;134;2;-44;-3;-13;164;0;28;1;20;87;-6;-3;1;26;38;87;-8;36;0;8;0;1;20;4;0;1;1;-8;0;-2;1;-3;1;-5;0;1;22;0;-1;3;0;-3;0;-2;0;0;1;2;1;2;1;-2;1;-1;0;1;2;3;0;0;0;11;4;4;4;1;0;0,1,1,0,no_op,0.0,False,False
40;47;-8;106;-12;-18;-1;0;181;4;26;-1;17;75;11;-6;2;10;31;76;-1;34;-1;11;0;1;23;10;2;-1;4;-3;-2;-4;-1;-2;1;-3;1;-2;22;-1;3;1;1;-2;-2;-1;-1;-1;1;3;1;3;3;0;1;-1;1;2;2;4;0;-1;0;11;2;3;3;1;1;-1,1,1,0,no_op,0.0,False,False
44;44;-2;109;-3;-41;-5;-11;171;8;28;3;17;68;17;0;7;22;33;70;-2;33;4;11;-1;3;19;8;2;0;6;-3;-3;0;-2;-3;0;-4;2;-2;22;0;3;1;1;-2;-1;0;0;-1;0;3;1;3;2;0;0;-1;0;3;2;4;1;-1;0;11;2;2;4;1;1;0,1,1,0,no_op,0.0,False,False
45;46;-1;117;25;4;28;-11;170;-4;4;-2;23;67;15;7;10;22;31;62;4;34;2;11;-5;2;18;3;-1;-3;2;0;-1;0;0;-2;0;-3;1;1;22;0;4;0;0;-1;-2;0;-1;-1;0;2;0;1;1;-1;0;-1;0;1;3;2;0;0;0;11;2;2;3;0;0;0,1,1,0,no_op,0.0,False,False
45;47;-5;105;-9;-17;2;-4;180;3;23;3;17;73;14;-3;-1;10;29;74;0;33;0;12;0;1;21;11;2;-2;4;-1;-3;-3;-1;-1;1;-3;1;-1;22;-1;3;1;1;-2;-2;0;-1;-1;1;3;1;2;3;0;1;0;1;2;2;3;0;0;0;11;2;3;3;1;1;-1,1,1,0,no_op,0.0,False,False
46;-40;-4;138;27;6;27;9;168;6;4;1;19;95;16;1;5;-9;34;99;3;39;-1;5;-5;-2;17;6;-2;2;2;0;-1;2;0;3;-1;3;1;0;23;0;3;-1;0;1;-2;1;-1;-1;0;2;0;3;1;-1;1;0;0;2;2;4;0;0;0;12;3;4;3;1;0;0,1,1,0,no_op,0.0,False,False
46;16;-19;122;0;-8;13;-12;176;0;2;-11;20;76;15;3;7;19;27;76;-3;32;-5;12;0;1;15;7;0;0;5;1;1;-5;0;-1;-2;-1;-2;-2;24;-1;3;0;-1;-2;-2;0;-1;-1;0;2;1;2;2;0;1;0;1;2;1;3;0;-1;0;11;2;3;2;0;0;-2,1,1,0,no_op,0.0,False,False
46;18;-18;121;4;-8;9;-15;177;3;2;-10;18;76;16;4;7;21;29;73;-3;31;-4;13;0;1;16;6;0;0;4;1;-1;-4;0;-1;-2;-1;-1;-3;23;0;3;0;-1;-2;-2;0;-1;-1;0;2;1;2;2;0;1;0;1;2;1;3;0;-1;0;11;3;3;2;0;0;-2,1,1,0,no_op,0.0,False,False
48;14;-19;123;-2;-7;17;-9;174;0;2;-11;20;76;15;2;5;17;27;78;-2;33;-5;11;0;1;14;8;0;-1;4;1;3;-5;0;-1;-2;-1;-2;-2;24;-1;3;0;-1;-2;-2;0;-1;-1;0;1;1;2;3;0;1;1;1;2;1;3;0;-1;0;11;2;3;2;0;0;-2,1,1,0,no_op,0.0,False,False
48;22;-15;119;6;-9;6;-17;177;5;2;-9;17;74;15;5;7;22;30;71;-2;30;-2;12;0;2;17;5;-1;1;3;1;-1;-3;-1;-1;-2;-2;-1;-2;22;0;3;0;-1;-2;-2;0;-1;-1;0;3;1;2;2;0;1;0;0;2;1;3;0;-1;0;11;3;3;3;0;0;-2,1,1,0,no_op,0.0,False,False
48;42;-1;110;-1;-38;-3;-13;172;7;25;4;17;67;19;2;6;21;32;68;-1;33;4;10;-1;3;18;8;1;0;5;-2;-3;0;-3;-2;0;-4;2;-1;22;0;3;1;1;-2;-1;0;0;-1;-1;3;1;3;2;0;0;-1;1;3;2;3;1;-1;0;11;2;2;4;0;1;0,1,1,0,no_op,0.0,False,False
49;46;-3;106;-6;-16;3;-9;180;2;19;6;17;71;16;0;-3;11;27;73;1;33;1;13;-1;1;19;11;1;-2;4;0;-4;-1;-1;-1;0;-3;1;-1;22;-1;3;0;1;-2;-2;0;-1;-1;0;3;1;2;2;1;1;0;1;2;2;3;0;0;0;11;2;3;3;1;1;-1,1,1,0,no_op,0.0,False,False
4;-49;-14;107;10;30;8;-4;176;7;25;-1;21;78;-3;6;-7;-3;33;78;-4;33;-1;12;-1;1;24;5;-2;0;0;7;0;6;1;2;-1;3;1;-2;24;-2;-2;-2;-1;1;2;1;0;-1;2;3;1;3;1;0;0;0;1;2;2;4;0;0;0;11;3;3;3;1;0;-1,1,1,0,no_op,0.0,False,False
4;28;-24;144;-24;-8;-31;-1;171;4;2;-14;19;90;-11;5;-12;19;30;92;-4;43;-7;2;0;1;14;8;3;-2;-8;2;2;0;1;-1;1;-3;-2;0;26;3;-1;3;1;-2;1;-2;-1;0;-1;1;0;3;0;0;-1;0;0;2;2;4;0;-1;-1;11;3;3;3;1;1;-1,1,1,0,no_op,0.0,False,False
4;31;-24;141;-22;-10;-32;3;172;5;3;-16;19;87;-7;1;-9;19;28;91;-3;42;-6;4;0;1;14;7;3;-2;-8;0;2;0;1;-1;1;-3;-2;0;26;3;-1;3;1;-2;1;-2;-1;0;-2;1;0;3;0;-1;-1;1;0;2;2;4;0;-1;-1;11;3;3;3;1;1;-1,1,1,0,no_op,0.0,False,False
4;43;-12;120;-4;-45;-13;-10;162;3;26;-3;21;84;-6;-3;3;29;37;85;-8;34;0;11;0;1;19;2;1;1;1;-9;-1;-2;0;-3;2;-4;0;0;22;0;0;3;1;-2;-1;-2;0;0;1;2;0;3;1;-2;0;-1;-1;2;2;4;0;0;0;11;4;3;3;1;1;0,1,1,0,no_op,0.0,False,False
50;-10;-15;133;14;9;47;-1;165;2;-11;-2;13;87;21;1;-1;-1;28;88;-2;36;-9;7;-1;0;18;3;-3;1;5;0;8;2;1;0;-3;1;0;0;25;1;3;-1;-2;0;-3;0;-1;0;0;3;0;2;1;-1;-1;-1;1;2;0;4;1;0;-1;11;3;3;2;1;0;0,1,1,0,no_op,0.0,False,False
50;-11;-15;133;13;10;46;-1;165;2;-10;-2;14;87;21;1;-1;-2;27;88;-2;36;-9;7;-1;0;18;3;-3;1;5;0;8;2;1;0;-3;1;0;1;25;1;4;-1;-2;0;-3;0;-1;0;0;3;0;2;1;-1;-1;-1;1;2;0;4;1;0;-1;11;3;3;2;1;0;0,1,1,0,no_op,0.0,False,False
50;-7;-13;134;17;8;47;-1;165;1;-13;-2;13;86;19;1;-1;0;29;87;-1;36;-9;7;-1;0;19;4;-3;1;5;0;7;2;2;1;-3;1;0;0;25;1;3;-1;-1;0;-3;0;-1;0;0;3;0;2;1;0;-1;-1;1;2;0;4;0;0;-1;11;3;3;2;1;0;0,1,1,0,no_op,0.0,False,False
50;-9;-14;134;16;9;47;-1;165;2;-12;-2;13;86;20;1;-1;-1;29;87;-1;36;-9;7;-1;0;18;4;-3;1;5;0;7;2;1;1;-3;1;0;0;25;1;3;-1;-2;0;-3;0;-1;0;0;3;0;2;1;-1;-1;-1;1;2;0;4;0;0;-1;11;3;3;2;1;0;0,1,1,0,no_op,0.0,False,False
50;2;-20;131;-1;-14;19;-22;173;3;2;-20;16;77;16;7;2;13;29;80;-4;33;-5;13;-1;1;17;6;-1;0;3;3;2;-7;-1;-2;-3;-1;-2;-1;25;1;3;0;-2;-1;-2;0;-1;-1;1;1;0;2;2;0;0;1;1;2;1;3;0;0;0;11;2;2;2;0;-1;-1,1,1,0,no_op,0.0,False,False
50;46;2;114;22;4;31;-8;173;-3;0;-6;23;66;14;6;9;23;31;63;5;34;2;11;-4;2;17;4;-1;-4;1;0;-1;0;-1;-1;0;-3;1;1;22;0;4;0;0;-1;-2;1;-1;-1;1;2;1;1;1;-1;1;-1;0;1;3;2;-1;0;0;11;2;3;3;0;0;0,1,1,0,no_op,0.0,False,False
50;6;-19;129;2;-14;16;-24;171;4;3;-18;15;75;17;9;5;17;30;76;-4;31;-5;13;0;1;17;5;-1;0;3;3;0;-6;-1;-3;-3;-1;-2;-2;25;0;3;0;-2;-2;-2;0;-1;-1;0;2;0;3;2;0;1;0;0;2;1;3;0;0;0;10;3;2;2;0;0;-2,1,1,0,no_op,0.0,False,False
51;12;-16;128;5;-15;12;-26;169;5;5;-14;15;71;17;10;7;19;29;73;-3;30;-3;12;0;2;17;5;-2;1;3;2;-1;-5;-1;-3;-3;-1;-1;-1;24;1;3;0;-2;-2;-2;0;0;-1;0;2;0;3;2;0;1;0;0;2;1;3;0;0;0;10;3;3;2;0;0;-2,1,1,0,no_op,0.0,False,False
51;14;-18;124;-3;-6;21;-7;172;1;1;-11;18;76;15;1;3;15;26;79;-2;33;-5;10;0;1;15;9;-1;-1;3;1;4;-4;0;-1;-2;-2;-2;-2;23;-1;3;0;-1;-2;-2;0;-1;-1;0;1;1;2;2;0;1;1;1;2;1;3;0;-1;0;11;2;3;2;0;0;-2,1,1,0,no_op,0.0,False,False
51;27;-11;118;7;-10;3;-19;175;7;2;-6;16;71;14;6;5;22;30;72;-1;30;1;11;0;3;17;5;-2;1;3;1;-1;-2;-1;-1;-2;-2;0;-2;22;0;3;0;0;-2;-1;0;0;-1;0;3;1;2;1;0;0;-1;0;2;1;3;0;0;0;11;2;3;3;0;1;-2,1,1,0,no_op,0.0,False,False
52;-12;-15;133;11;10;46;-2;165;2;-10;-2;14;87;21;1;-2;-3;27;88;-2;36;-8;8;-1;0;18;3;-2;0;4;1;8;2;1;0;-3;1;0;1;24;1;4;-1;-2;0;-3;0;-1;0;0;3;0;2;1;-1;-1;-1;1;2;0;4;1;0;0;11;3;3;2;1;0;0,1,1,0,no_op,0.0,False,False
52;-1;-19;134;-4;-13;22;-21;173;4;0;-20;17;79;15;5;-1;9;29;83;-4;35;-4;12;-1;1;17;7;-1;0;3;3;4;-7;-1;-2;-3;0;-2;-1;25;1;3;0;-2;-1;-2;0;0;0;0;0;0;3;3;0;0;0;1;2;1;3;0;0;0;11;2;2;2;0;-1;-1,1,1,0,no_op,0.0,False,False
52;-2;-13;115;11;16;50;3;163;-1;-13;3;13;82;22;5;-2;3;29;81;-1;32;-9;11;-1;0;19;2;-3;-1;4;1;8;0;2;2;-3;-1;1;0;24;-2;3;-2;-1;-1;-2;2;-1;0;-1;3;0;2;1;-1;-1;0;0;1;0;3;0;0;0;11;3;4;2;0;0;-1,1,1,0,no_op,0.0,False,False
52;-41;-1;142;24;6;29;6;171;5;1;4;20;95;14;4;4;-9;34;100;4;39;0;6;-4;-2;17;5;-2;3;1;-1;-1;2;-1;2;0;3;1;0;22;0;4;-1;0;1;-2;0;-1;0;0;2;0;3;1;-1;1;0;0;2;2;4;-1;-1;0;11;3;4;3;1;0;0,1,1,0,no_op,0.0,False,False
52;-5;-12;116;13;16;50;4;162;-1;-13;3;13;84;22;5;-2;1;30;83;-1;33;-9;11;-2;0;19;1;-3;0;4;1;8;1;2;2;-3;-1;1;0;24;-2;3;-2;-1;-1;-2;2;-1;0;0;3;-1;2;1;-1;-1;0;0;1;0;3;0;0;0;11;3;4;2;0;0;-1,1,1,0,no_op,0.0,False,False
52;-6;-11;134;18;8;47;-1;165;1;-14;-3;12;85;18;1;-1;1;30;86;-1;36;-9;7;-1;0;20;4;-3;1;5;0;6;2;2;1;-3;0;0;0;25;0;4;-1;-1;0;-3;0;-1;0;0;3;0;2;1;0;-1;-1;1;2;0;4;0;0;-1;11;3;3;2;1;0;0,1,1,0,no_op,0.0,False,False
52;1;-13;113;10;17;49;3;164;-2;-13;3;14;81;22;6;-2;6;28;79;0;32;-9;11;-1;1;19;2;-3;-1;4;1;9;-1;1;2;-3;-1;1;0;24;-2;3;-2;-1;-1;-2;2;-1;0;-1;2;0;2;1;-1;-1;0;0;1;0;3;0;0;0;11;3;4;2;0;0;-1,1,1,0,no_op,0.0,False,False
52;43;-2;107;-2;-15;3;-13;178;3;13;7;17;69;16;3;-4;15;26;73;2;32;3;14;-1;2;17;9;0;-2;3;1;-3;1;-2;-1;0;-4;1;0;22;-1;3;0;1;-2;-2;1;-1;-1;0;3;0;2;1;0;1;-1;1;2;2;3;0;0;0;11;2;3;3;0;1;-1,1,1,0,no_op,0.0,False,False
53;-14;-14;132;11;11;46;-1;164;2;-10;-1;13;88;21;1;-2;-3;27;88;-1;35;-7;8;-1;0;18;2;-2;1;4;0;8;2;1;0;-3;1;0;1;24;1;4;-1;-2;0;-3;0;-1;0;-1;3;0;2;1;-1;-1;-1;1;2;0;4;1;0;0;10;3;4;2;1;0;0,1,1,0,no_op,0.0,False,False
53;-8;-11;117;14;15;49;4;162;0;-13;3;13;85;21;5;-2;-1;30;84;-1;33;-9;11;-2;0;19;1;-3;0;4;1;7;1;2;2;-3;0;1;0;24;-1;3;-2;-1;0;-2;2;-1;0;0;3;-1;2;1;-1;0;-1;0;1;0;3;0;0;0;11;3;4;2;0;0;-1,1,1,0,no_op,0.0,False,False
53;17;-13;126;7;-17;8;-27;169;6;6;-10;15;68;17;10;8;21;28;70;-1;30;-2;12;-1;4;17;4;-2;1;3;1;-1;-3;-1;-2;-2;-2;0;-1;23;1;3;0;-1;-2;-2;0;0;-1;0;3;0;3;1;0;0;-1;0;2;1;3;0;0;0;11;2;3;2;0;0;-1,1,1,0,no_op,0.0,False,False
53;40;-1;112;1;-35;-1;-16;173;7;22;4;17;65;21;4;6;21;30;67;0;33;4;10;-1;3;17;7;1;-1;5;-1;-2;1;-3;-2;0;-4;2;-1;22;0;3;0;1;-2;-1;0;0;-1;-1;3;1;3;1;0;1;-1;1;3;2;3;0;0;0;11;2;2;4;0;1;-1,1,1,0,no_op,0.0,False,False
53;45;3;110;17;5;35;-5;175;-4;-4;-8;22;66;14;5;8;25;32;64;5;33;2;10;-3;2;17;6;-2;-4;1;1;-1;-1;-1;0;0;-3;1;0;21;0;4;0;0;-1;-2;1;-1;-1;1;2;1;1;1;0;1;-1;1;1;3;2;-1;0;0;11;2;3;3;0;0;0,1,1,0,no_op,0.0,False,False
53;5;-13;112;8;17;49;4;164;-3;-13;3;14;80;22;6;-2;8;27;77;0;31;-8;11;-1;1;19;3;-3;-1;4;1;9;-2;1;2;-3;-2;0;0;23;-2;3;-2;-1;-1;-2;1;-1;-1;-1;2;0;2;1;0;-1;1;0;1;0;2;0;0;0;12;3;4;2;0;0;-1,1,1,0,no_op,0.0,False,False
54;-10;-10;118;15;15;49;4;162;0;-13;3;12;87;21;4;-2;-3;30;86;-1;33;-8;11;-2;0;19;1;-3;0;4;0;6;2;2;2;-3;0;1;0;24;-1;4;-2;-1;0;-2;1;-1;0;0;3;-1;2;1;-1;0;-1;0;1;0;3;0;0;0;11;3;4;2;0;0;0,1,1,0,no_op,0.0,False,False
54;-15;-13;131;10;12;45;-1;164;2;-10;-1;13;88;21;1;-2;-4;27;89;-1;35;-7;8;-1;0;19;2;-2;1;4;0;8;2;1;0;-3;1;0;1;23;1;4;-1;-2;0;-3;0;-1;0;-1;3;0;2;1;-1;-1;-1;1;2;0;4;0;0;0;10;3;4;2;1;0;0,1,1,0,no_op,0.0,False,False
54;-5;-10;134;19;8;47;-2;165;1;-15;-3;12;85;17;1;-1;2;30;86;-1;36;-8;7;-1;0;20;5;-3;1;5;0;6;1;2;1;-3;0;0;0;24;0;4;0;-1;0;-3;0;-1;0;0;2;0;2;1;0;-1;-1;1;2;0;4;0;0;-1;11;3;3;2;1;0;-1,1,1,0,no_op,0.0,False,False
54;32;-7;115;7;-11;2;-19;175;7;2;-2;16;68;14;7;3;22;29;73;0;30;3;11;-1;3;17;5;-2;0;2;1;-1;-1;-1;-1;-1;-3;0;-1;21;0;3;0;0;-2;-1;1;0;-1;0;3;0;3;1;0;0;-1;1;2;1;3;0;0;0;11;2;3;3;0;1;-1,1,1,0,no_op,0.0,False,False
54;40;-2;110;1;-14;3;-16;176;4;8;5;17;67;16;5;-3;18;26;73;2;32;4;13;-1;2;16;7;-1;-2;2;1;-2;1;-1;-1;0;-4;1;0;22;-1;3;-1;1;-2;-2;1;-1;-1;0;3;0;2;1;0;1;-1;1;2;2;3;0;0;0;11;2;3;3;0;1;-1,1,1,0,no_op,0.0,False,False
55;-13;-9;120;15;15;49;4;162;0;-13;3;12;88;20;4;-2;-4;30;87;0;34;-7;10;-2;0;19;1;-3;0;4;0;6;2;2;1;-3;0;1;0;23;-1;4;-2;-1;0;-2;1;-1;0;0;3;-1;2;1;-1;0;-1;0;1;0;3;0;0;0;11;3;4;2;1;0;0,1,1,0,no_op,0.0,False,False
55;-5;-17;137;-5;-12;24;-20;173;5;-3;-18;16;80;14;3;-4;5;30;86;-3;36;-4;12;-1;1;19;8;-2;0;4;3;5;-5;-1;-3;-3;0;-2;0;24;2;3;0;-2;-1;-2;0;-1;0;0;0;0;3;3;-1;0;0;1;2;1;4;0;0;0;11;2;3;2;1;-1;-1,1,1,0,no_op,0.0,False,False
55;14;-16;125;-3;-5;24;-6;171;2;0;-10;17;75;15;0;1;14;27;79;-2;34;-6;9;0;1;17;10;-1;-1;3;1;5;-3;0;0;-2;-2;-2;-2;23;-1;4;1;-1;-2;-2;0;-1;-1;0;1;0;2;2;0;1;0;1;2;1;3;0;-1;0;11;2;3;2;0;0;-2,1,1,0,no_op,0.0,False,False
55;23;-9;123;8;-21;5;-27;169;6;7;-6;16;65;18;10;8;21;27;69;0;31;0;11;-1;4;17;4;-2;0;3;1;0;-2;-1;-2;-2;-3;1;-1;22;1;3;0;0;-2;-1;0;0;-1;0;2;0;3;1;-1;0;-1;0;2;1;3;0;0;0;11;2;3;3;0;1;-1,1,1,0,no_op,0.0,False,False
55;36;-4;112;4;-13;2;-18;175;5;4;2;16;67;15;6;-1;21;27;73;2;31;5;12;-1;3;17;6;-2;-1;2;1;-1;0;-1;-1;0;-4;0;-1;21;-1;3;0;1;-2;-1;1;0;-1;0;3;0;3;1;0;1;-1;1;2;2;3;0;0;0;11;2;3;3;0;1;-1,1,1,0,no_op,0.0,False,False
55;37;-1;114;4;-32;1;-19;173;6;17;4;17;64;21;6;6;21;28;66;1;32;3;10;-2;4;17;6;0;-1;4;0;-1;1;-3;-2;0;-4;2;0;22;0;3;0;1;-2;-1;0;0;-1;0;2;1;2;1;0;1;-1;1;3;2;3;0;0;0;11;2;2;4;0;1;-1,1,1,0,no_op,0.0,False,False
55;8;-12;111;6;16;48;4;165;-4;-14;2;14;78;21;7;-2;11;27;76;1;31;-7;11;-1;1;20;3;-3;-1;4;1;9;-2;1;2;-3;-2;0;0;23;-2;3;-1;-1;-1;-2;1;-1;-1;-1;2;0;1;1;0;-1;1;0;1;1;2;0;0;0;12;3;4;2;0;0;-1,1,1,0,no_op,0.0,False,False
56;-15;-9;122;14;15;48;3;162;1;-13;2;12;89;20;4;-2;-5;30;88;0;34;-7;10;-2;-1;20;1;-3;1;4;0;6;2;1;1;-3;0;1;0;23;0;4;-2;-1;0;-2;1;-1;0;0;3;-1;2;1;-1;0;-1;0;1;0;4;0;0;0;11;3;4;2;1;0;0,1,1,0,no_op,0.0,False,False
56;-16;-12;130;10;13;45;-1;164;2;-11;-1;13;89;21;1;-3;-4;28;89;-1;35;-7;8;-1;0;19;1;-2;1;4;0;7;2;1;0;-3;1;0;1;23;1;4;-1;-2;0;-3;0;-1;0;-1;3;0;2;1;-1;0;-1;1;1;0;4;0;0;0;10;2;4;2;1;0;0,1,1,0,no_op,0.0,False,False
56;-3;-8;134;18;8;46;-3;165;1;-16;-4;12;84;16;1;-1;3;30;85;-1;36;-8;7;-1;0;21;5;-3;0;5;0;6;1;2;0;-3;0;1;0;24;0;4;0;-2;0;-3;0;-1;0;0;2;0;2;1;0;0;0;1;2;0;3;0;0;-1;11;3;3;2;1;0;-1,1,1,0,no_op,0.0,False,False
56;-41;1;146;20;6;30;1;173;4;-3;5;20;95;11;5;2;-10;34;99;4;40;0;6;-3;-1;18;3;-2;3;2;-2;-1;2;-1;1;0;3;1;0;22;0;4;0;0;1;-2;0;-1;0;1;3;1;3;1;-1;1;0;0;2;2;4;0;-1;0;11;2;4;3;1;0;0,1,1,0,no_op,0.0,False,False
56;12;-11;110;5;16;47;5;166;-5;-14;1;14;77;20;8;-2;13;28;74;1;31;-6;11;-2;1;20;5;-3;-1;4;1;8;-3;1;2;-3;-2;0;0;22;-2;4;-1;-1;-2;-2;1;-1;-1;-1;2;0;1;1;0;-1;1;0;1;1;2;0;0;0;12;3;4;2;-1;0;-1,1,1,0,no_op,0.0,False,False
56;41;2;108;13;6;37;-1;175;-5;-8;-8;20;66;13;5;6;25;32;65;5;33;1;10;-3;1;17;7;-2;-4;1;2;0;-2;-1;1;0;-3;1;1;21;-1;4;0;0;-1;-2;1;-1;-1;1;2;1;1;1;0;2;-1;1;1;2;2;0;0;0;11;2;3;3;0;0;0,1,1,0,no_op,0.0,False,False
57;-16;-9;123;13;15;47;3;163;1;-14;2;12;90;20;4;-2;-6;30;89;0;34;-6;10;-2;-1;20;1;-3;1;4;0;5;2;1;1;-3;0;1;0;23;0;4;-2;-1;0;-2;1;-1;0;0;3;-1;2;1;-1;0;-1;0;1;0;4;0;0;0;11;3;4;2;1;0;0,1,1,0,no_op,0.0,False,False
57;-17;-11;128;11;14;46;1;164;2;-13;0;12;90;21;3;-3;-5;29;89;0;35;-6;9;-1;0;20;1;-3;1;4;0;6;2;1;0;-3;1;1;1;22;0;4;-1;-1;0;-2;1;-1;0;0;3;0;2;1;-1;0;-1;1;1;0;4;0;0;0;11;2;4;2;1;0;0,1,1,0,no_op,0.0,False,False
57;-17;-12;129;10;13;45;0;164;2;-12;0;12;89;21;2;-3;-5;28;89;0;35;-6;9;-1;0;20;1;-2;1;4;0;7;2;1;0;-3;1;0;1;23;1;4;-1;-2;0;-2;1;-1;0;0;3;0;2;1;-1;0;-1;1;1;0;4;0;0;0;10;2;4;2;1;0;0,1,1,0,no_op,0.0,False,False
57;16;-9;108;4;14;46;5;168;-6;-15;-1;14;75;19;8;-2;16;29;73;2;31;-5;10;-2;1;21;6;-3;-1;4;2;7;-3;1;3;-2;-3;1;0;22;-2;4;-1;-1;-2;-2;1;-1;-1;-1;1;0;1;1;0;0;1;0;1;1;2;0;0;0;12;3;4;3;-1;0;-1,1,1,0,no_op,0.0,False,False
57;29;-5;120;7;-24;4;-25;171;6;10;-2;16;64;19;9;8;22;27;67;1;31;2;10;-2;4;17;4;-2;0;3;1;0;-1;-2;-1;-1;-4;1;0;22;1;3;0;0;-2;-1;0;0;-1;0;2;0;2;1;0;0;-1;0;3;1;3;0;0;0;11;2;2;3;0;1;-1,1,1,0,no_op,0.0,False,False
57;33;-3;117;6;-28;2;-23;172;6;13;2;17;63;20;8;7;21;27;67;1;32;3;10;-2;4;17;5;-1;-1;3;1;-1;0;-3;-1;0;-4;2;0;22;0;3;0;1;-2;-1;0;0;-1;0;2;0;2;1;0;0;-1;0;3;2;3;0;0;0;11;2;2;4;0;1;-1,1,1,0,no_op,0.0,False,False
57;37;0;106;9;7;39;2;175;-6;-12;-8;18;68;13;6;3;24;31;67;5;33;0;10;-2;1;18;8;-2;-3;2;3;1;-2;0;2;0;-3;1;0;21;-1;4;0;0;-1;-2;1;-1;-1;1;1;1;1;1;-1;2;0;1;1;2;2;0;0;0;11;2;3;3;0;0;0,1,1,0,no_op,0.0,False,False
58;-17;-9;125;12;14;47;2;163;1;-14;1;12;90;20;4;-2;-6;29;89;0;34;-6;10;-2;0;20;1;-3;1;4;0;6;2;1;1;-3;1;1;0;22;0;4;-2;-1;0;-2;1;-1;0;0;3;0;2;1;-1;0;-1;0;1;0;4;0;0;0;11;3;4;2;1;0;0,1,1,0,no_op,0.0,False,False
58;-18;-10;127;11;14;46;1;164;1;-13;1;12;90;20;3;-2;-6;29;90;0;34;-6;9;-1;0;20;1;-3;1;4;0;6;2;1;1;-3;1;1;0;22;0;4;-1;-1;0;-2;1;-1;0;0;3;0;2;1;-1;0;-1;0;1;0;4;0;0;0;11;3;4;2;1;0;0,1,1,0,no_op,0.0,False,False
58;-1;-7;135;17;8;45;-4;165;1;-16;-5;12;83;15;0;-1;5;30;84;-1;35;-7;7;-1;1;21;6;-3;0;5;1;5;1;1;0;-3;0;1;0;24;0;4;0;-2;0;-3;0;-1;-1;-1;2;0;2;1;0;0;0;1;2;0;3;0;0;0;11;2;3;2;0;0;-1,1,1,0,no_op,0.0,False,False
58;14;-14;126;-2;-4;26;-6;170;2;-3;-9;15;76;16;-1;-1;13;27;78;-1;34;-5;9;0;2;19;10;-1;-1;4;2;5;-2;0;0;-2;-1;-1;-2;22;-1;4;1;-1;-2;-2;0;-1;-1;0;1;0;2;2;0;1;0;1;2;1;3;0;-1;0;12;2;3;2;0;0;-2,1,1,0,no_op,0.0,False,False
58;21;-7;107;4;13;44;5;170;-7;-16;-2;15;73;18;8;-1;18;29;71;3;32;-4;10;-2;1;21;7;-3;-2;4;2;6;-3;1;3;-2;-3;1;0;21;-2;4;-1;-1;-2;-2;1;-1;-1;0;1;0;1;1;-1;0;1;1;1;1;2;0;0;0;11;2;4;3;-1;0;-1,1,1,0,no_op,0.0,False,False
58;26;-5;106;5;11;43;5;172;-7;-16;-4;16;71;16;8;0;21;30;70;4;32;-3;10;-2;1;20;8;-3;-2;4;3;4;-3;0;3;-1;-3;1;0;21;-2;4;-1;0;-2;-2;1;-1;-1;0;1;1;1;1;-1;1;1;1;1;2;2;0;0;0;11;2;4;3;-1;0;-1,1,1,0,no_op,0.0,False,False
58;32;-2;106;6;9;41;4;173;-7;-15;-6;17;69;14;7;1;23;31;69;4;33;-2;10;-2;1;19;9;-3;-3;3;3;2;-3;0;2;-1;-3;1;0;21;-2;4;-1;0;-2;-2;1;-1;-1;1;1;1;1;1;-1;1;0;1;1;2;2;0;0;0;11;2;4;3;0;0;0,1,1,0,no_op,0.0,False,False
59;-38;1;149;15;6;31;-4;176;4;-8;5;19;95;9;5;0;-10;34;97;3;40;0;6;-2;-1;19;2;-2;3;3;-3;0;2;-1;0;-1;3;1;0;22;0;4;0;0;1;-2;0;0;0;0;3;1;3;1;-1;1;-1;0;2;2;4;0;-1;0;11;2;3;3;1;0;-1,1,1,0,no_op,0.0,False,False
59;-9;-15;140;-5;-9;26;-19;173;7;-6;-16;15;82;13;0;-6;2;31;87;-2;37;-3;11;-1;1;21;7;-2;0;4;3;6;-3;-1;-3;-3;1;-2;0;23;2;3;0;-2;0;-2;0;-1;0;-1;1;0;3;2;-1;0;0;1;2;1;4;0;0;0;11;2;3;2;1;-1;-1,1,1,0,no_op,0.0,False,False
5;34;-22;138;-23;-12;-32;5;172;6;6;-16;18;85;-4;-2;-6;19;28;91;-2;42;-5;6;0;2;15;5;3;-2;-7;-2;1;1;1;-1;0;-3;-1;-1;26;3;-1;3;1;-2;1;-2;-1;0;-1;0;0;3;1;-1;-1;1;0;2;2;4;0;-1;-1;12;3;3;3;1;1;-1,1,1,0,no_op,0.0,False,False
5;40;-21;136;20;-15;18;6;175;-6;13;12;17;86;-4;-7;2;18;31;81;-3;32;-3;7;-1;2;21;7;-2;-1;6;-6;-4;0;1;-1;0;-2;-2;1;26;-1;-1;3;0;-2;-1;-3;-1;0;1;5;1;2;2;-2;1;1;1;1;2;3;0;0;-1;11;3;4;3;0;0;-1,1,1,0,no_op,0.0,False,False
5;44;-9;134;2;-44;-3;-13;164;0;28;1;20;87;-5;-3;1;26;38;86;-8;36;0;8;0;1;20;4;0;1;1;-8;-1;-2;1;-3;0;-5;0;1;22;0;-1;3;0;-3;0;-2;0;0;1;2;1;2;1;-2;1;-1;0;1;2;3;0;0;0;11;4;4;4;1;0;0,1,1,0,no_op,0.0,False,False
60;0;-7;134;16;8;44;-5;166;0;-16;-5;12;82;14;0;-1;6;30;83;-1;35;-7;8;-1;1;21;6;-3;0;5;1;5;0;1;0;-3;0;1;0;23;0;4;0;-2;0;-3;0;-1;-1;0;2;0;2;1;0;0;0;1;2;0;3;0;0;0;11;2;3;2;0;0;-1,1,1,0,no_op,0.0,False,False
60;14;-13;128;0;-3;28;-7;170;2;-5;-8;14;76;16;-2;-2;12;28;77;-1;34;-5;10;0;2;20;10;-1;-1;4;2;5;-1;0;0;-3;-1;-1;-1;22;-1;4;0;-2;-2;-2;0;-1;-1;0;1;0;2;2;0;1;0;1;2;1;3;0;0;0;12;2;3;2;0;0;-1,1,1,0,no_op,0.0,False,False
61;-13;-12;144;-4;-6;26;-18;174;8;-9;-12;15;84;12;-1;-7;0;32;88;-1;37;-2;10;-1;1;23;6;-2;0;6;3;5;-1;-1;-3;-3;1;-1;1;23;2;3;-1;-2;0;-2;0;-1;0;-1;1;1;3;2;-1;0;-1;1;2;1;4;0;0;0;11;2;3;2;1;0;0,1,1,0,no_op,0.0,False,False
61;2;-7;134;14;7;42;-6;167;0;-16;-6;12;82;14;-1;-1;8;29;82;-1;35;-6;8;-1;1;21;7;-3;0;5;1;5;0;1;0;-3;0;1;0;23;0;4;0;-2;-1;-3;0;-1;-1;0;2;0;2;1;-1;0;0;1;2;0;3;0;0;0;11;2;3;2;0;0;-1,1,1,0,no_op,0.0,False,False
62;-34;-1;151;10;5;31;-8;177;5;-12;3;18;94;7;4;-3;-8;34;94;1;40;0;7;-1;0;21;1;-3;3;5;-3;1;2;-1;-1;-1;3;1;0;22;1;4;0;0;1;-2;-1;0;0;0;3;1;3;1;-1;1;-1;1;2;2;4;0;-1;0;11;2;3;3;1;0;0,1,1,0,no_op,0.0,False,False
62;13;-11;129;2;-1;29;-7;171;2;-8;-8;13;76;16;-3;-2;13;28;78;-1;33;-5;9;0;2;20;9;-2;-1;5;3;5;-1;0;0;-3;-1;-1;-1;22;-1;4;0;-2;-2;-2;0;-1;-1;0;1;0;2;2;-1;1;0;1;2;1;3;0;0;0;12;2;3;2;0;0;-1,1,1,0,no_op,0.0,False,False
62;4;-7;134;12;6;40;-6;168;0;-16;-6;12;81;13;-1;-1;9;29;81;-1;34;-6;8;0;1;21;7;-3;0;5;2;5;-1;1;0;-3;0;1;0;23;0;4;0;-2;-1;-2;0;-1;-1;0;1;0;2;1;-1;0;0;1;2;0;3;0;0;0;12;2;3;2;0;0;-1,1,1,0,no_op,0.0,False,False
63;-19;-9;147;-2;-3;27;-17;175;8;-12;-9;14;87;10;-2;-8;-2;33;89;0;37;-2;9;-1;1;24;4;-3;0;7;2;4;0;-1;-2;-3;2;0;1;23;2;3;-1;-2;1;-2;0;-1;0;-1;2;1;3;1;-1;0;-1;1;2;1;4;0;0;0;11;2;3;2;1;0;0,1,1,0,no_op,0.0,False,False
63;-24;-6;150;1;1;29;-15;176;8;-14;-4;15;90;8;-1;-7;-4;34;90;0;38;-2;8;-1;1;23;3;-3;1;7;0;3;1;-1;-2;-2;2;1;1;22;1;3;-1;-1;1;-2;0;-1;0;-1;3;1;3;1;-1;0;-1;1;2;1;4;0;0;0;11;2;3;2;2;0;0,1,1,0,no_op,0.0,False,False
63;-29;-3;151;6;3;30;-12;177;6;-14;0;16;93;7;1;-5;-6;34;92;0;39;-1;7;-1;1;22;2;-3;2;6;-2;2;2;-1;-2;-2;3;1;0;22;1;4;0;-1;1;-2;0;0;0;-1;3;1;3;1;-1;1;-1;1;2;2;4;0;0;0;11;2;3;3;2;0;0,1,1,0,no_op,0.0,False,False
63;10;-9;131;6;3;34;-8;171;2;-13;-7;12;78;15;-2;-2;12;28;78;-1;33;-5;9;0;2;20;8;-3;-1;5;3;4;-1;0;0;-3;-1;0;0;22;-1;4;0;-2;-1;-2;0;-1;-1;0;1;0;2;1;-1;0;0;1;2;1;3;0;0;0;12;2;3;2;0;0;-1,1,1,0,no_op,0.0,False,False
63;11;-10;130;4;1;31;-8;171;2;-11;-7;12;77;15;-2;-2;13;28;78;-1;33;-5;9;0;2;20;9;-2;-1;5;3;5;-1;0;0;-3;-1;0;0;22;-1;4;0;-2;-2;-2;0;-1;-1;0;1;0;2;2;-1;0;0;1;2;1;3;0;0;0;12;2;3;2;0;0;-1,1,1,0,no_op,0.0,False,False
63;6;-8;133;10;5;38;-7;169;1;-15;-7;12;80;14;-1;-1;10;29;80;-1;34;-5;8;0;2;21;8;-3;0;5;2;5;-1;1;0;-3;0;0;0;22;0;4;0;-2;-1;-2;0;-1;-1;0;1;0;2;1;-1;0;0;1;2;0;3;0;0;0;12;2;3;2;0;0;-1,1,1,0,no_op,0.0,False,False
63;8;-9;132;8;4;36;-7;170;1;-14;-7;12;79;14;-2;-1;12;28;79;-1;33;-5;8;0;2;21;8;-3;0;5;3;4;-1;1;0;-3;-1;0;0;22;0;4;0;-2;-1;-2;0;-1;-1;0;1;0;2;1;-1;0;0;1;2;1;3;0;0;0;12;2;3;2;0;0;-1,1,1,0,no_op,0.0,False,False
6;38;-21;134;-24;-13;-30;7;172;8;10;-15;16;85;-3;-4;-3;19;29;90;-2;42;-4;7;0;2;17;4;3;-2;-6;-3;1;1;1;-1;0;-3;-1;-1;26;2;-1;3;1;-2;1;-2;-1;0;-1;0;0;3;1;-1;0;1;1;2;2;4;0;-1;-1;12;3;3;3;1;1;-1,1,1,0,no_op,0.0,False,False
6;43;-11;119;-4;-46;-13;-10;162;4;26;-3;21;83;-5;-3;4;28;37;85;-8;34;0;11;0;1;20;2;2;1;2;-9;-1;-2;0;-3;2;-4;0;-1;22;0;0;3;1;-2;-1;-2;0;0;1;2;0;3;1;-2;1;-1;0;2;2;4;0;0;0;11;4;3;3;1;1;0,1,1,0,no_op,0.0,False,False
6;44;-9;134;3;-44;-3;-13;164;0;28;2;20;86;-5;-3;1;25;38;85;-8;36;0;8;0;1;21;5;0;1;1;-8;-1;-2;1;-3;0;-5;0;1;22;0;-1;3;0;-3;0;-2;0;0;1;2;1;2;1;-2;1;-1;0;1;2;3;0;0;0;11;4;4;4;1;0;0,1,1,0,no_op,0.0,False,False
7;37;-23;133;19;-15;20;5;174;-4;10;14;19;86;-3;-6;5;18;30;80;-3;32;-4;8;-1;1;18;7;-2;-1;8;-5;-3;0;1;-1;0;-2;-2;1;26;-2;0;3;0;-2;-1;-2;-1;0;0;5;1;2;2;-2;1;1;1;1;2;3;0;0;-1;11;3;3;3;0;0;-1,1,1,0,no_op,0.0,False,False
8;-47;-16;109;12;29;11;-6;175;7;23;-3;20;79;-1;7;-6;-5;33;80;-5;34;-1;12;-1;1;23;4;-2;0;1;8;-1;5;1;2;-1;3;0;-1;25;-2;-2;-2;-1;1;1;2;0;-1;2;2;1;3;1;0;0;0;1;2;2;4;0;0;0;12;3;3;3;1;0;-1,1,1,0,no_op,0.0,False,False
8;44;-9;134;3;-43;-2;-13;164;0;28;3;20;85;-4;-3;1;25;38;84;-8;36;0;8;0;1;21;5;0;1;2;-8;-1;-3;1;-3;0;-5;-1;1;23;0;-1;3;0;-3;0;-2;0;0;1;2;1;2;1;-2;1;-1;0;1;2;3;0;0;0;11;4;3;4;1;0;0,1,1,0,no_op,0.0,False,False
9;33;-25;130;18;-14;21;4;175;-2;8;16;20;86;0;-3;7;18;29;79;-3;32;-4;9;-1;1;16;6;-2;-1;10;-4;-3;0;0;-1;0;-2;-3;1;26;-2;0;3;-1;-2;-1;-2;-1;0;-1;5;1;2;3;-2;2;1;1;1;2;3;-1;0;-1;11;3;3;3;0;0;-1,1,1,0,no_op,0.0,False,False
9;42;-19;129;-25;-14;-26;7;173;9;13;-14;15;84;-3;-6;0;19;30;89;-3;41;-3;8;1;2;19;3;3;-2;-4;-4;2;0;1;-1;0;-3;-1;-1;26;1;0;4;1;-2;0;-3;-1;0;0;0;0;3;1;-1;0;1;1;2;2;4;0;0;-1;12;3;3;3;1;1;-1,1,1,0,no_op,0.0,False,False
9;44;-11;118;-5;-46;-13;-9;162;4;27;-3;20;82;-3;-3;4;28;37;84;-8;34;0;11;0;1;20;2;2;1;2;-9;-1;-2;0;-3;1;-4;0;-1;22;0;0;3;1;-2;-1;-2;0;0;1;2;0;3;2;-2;1;-1;0;2;2;4;0;0;0;11;4;3;3;1;1;0,1,1,0,no_op,0.0,False,False
9;44;-9;134;3;-43;-2;-12;165;1;28;3;20;85;-3;-3;1;25;38;83;-8;36;0;8;0;1;21;5;0;1;2;-8;-1;-3;1;-3;0;-5;-1;0;23;0;0;3;0;-3;0;-2;0;0;1;2;1;2;2;-2;1;-1;0;1;2;3;0;0;0;11;4;3;4;0;0;0,1,1,0,no_op,0.0,False,False
